hardware_spec,embedding_index,horizon,my_guarantee,baseline_guarantee,diff,best_baseline,diff_best
fake_algiers,0,3,0.846,0.5,0.346,0.5,0.346
fake_algiers,0,4,0.846,0.5,0.346,0.5,0.346
fake_algiers,0,5,0.846,0.5,0.346,0.5,0.346
fake_algiers,1,3,0.847,0.5,0.347,0.5,0.347
fake_algiers,1,4,0.847,0.5,0.347,0.5,0.347
fake_algiers,1,5,0.847,0.5,0.347,0.5,0.347
fake_algiers,2,3,0.839,0.5,0.33899999999999997,0.5,0.33899999999999997
fake_algiers,2,4,0.839,0.5,0.33899999999999997,0.5,0.33899999999999997
fake_algiers,2,5,0.839,0.5,0.33899999999999997,0.5,0.33899999999999997
fake_algiers,3,3,0.845,0.5,0.345,0.5,0.345
fake_algiers,3,4,0.845,0.5,0.345,0.5,0.345
fake_algiers,3,5,0.845,0.5,0.345,0.5,0.345
fake_algiers,4,3,0.849,0.5,0.349,0.5,0.349
fake_algiers,4,4,0.849,0.5,0.349,0.5,0.349
fake_algiers,4,5,0.849,0.5,0.349,0.5,0.349
fake_algiers,5,3,0.847,0.5,0.347,0.5,0.347
fake_algiers,5,4,0.847,0.5,0.347,0.5,0.347
fake_algiers,5,5,0.847,0.5,0.347,0.5,0.347
fake_hanoi,0,3,0.848,0.5,0.348,0.5,0.348
fake_hanoi,0,4,0.848,0.5,0.348,0.5,0.348
fake_hanoi,0,5,0.848,0.5,0.348,0.5,0.348
fake_hanoi,1,3,0.848,0.5,0.348,0.5,0.348
fake_hanoi,1,4,0.848,0.5,0.348,0.5,0.348
fake_hanoi,1,5,0.848,0.5,0.348,0.5,0.348
fake_hanoi,2,3,0.845,0.5,0.345,0.5,0.345
fake_hanoi,2,4,0.845,0.5,0.345,0.5,0.345
fake_hanoi,2,5,0.845,0.5,0.345,0.5,0.345
fake_hanoi,3,3,0.849,0.5,0.349,0.5,0.349
fake_hanoi,3,4,0.849,0.5,0.349,0.5,0.349
fake_hanoi,3,5,0.849,0.5,0.349,0.5,0.349
fake_hanoi,4,3,0.839,0.5,0.33899999999999997,0.5,0.33899999999999997
fake_hanoi,4,4,0.839,0.5,0.33899999999999997,0.5,0.33899999999999997
fake_hanoi,4,5,0.839,0.5,0.33899999999999997,0.5,0.33899999999999997
fake_hanoi,5,3,0.841,0.5,0.34099999999999997,0.5,0.34099999999999997
fake_hanoi,5,4,0.841,0.5,0.34099999999999997,0.5,0.34099999999999997
fake_hanoi,5,5,0.841,0.5,0.34099999999999997,0.5,0.34099999999999997
fake_hanoi,6,3,0.845,0.5,0.345,0.5,0.345
fake_hanoi,6,4,0.845,0.5,0.345,0.5,0.345
fake_hanoi,6,5,0.845,0.5,0.345,0.5,0.345
fake_cairo,0,3,0.847,0.5,0.347,0.5,0.347
fake_cairo,0,4,0.847,0.5,0.347,0.5,0.347
fake_cairo,0,5,0.847,0.5,0.347,0.5,0.347
fake_cairo,1,3,0.843,0.5,0.34299999999999997,0.5,0.34299999999999997
fake_cairo,1,4,0.843,0.5,0.34299999999999997,0.5,0.34299999999999997
fake_cairo,1,5,0.843,0.5,0.34299999999999997,0.5,0.34299999999999997
fake_cairo,2,3,0.766,0.5,0.266,0.5,0.266
fake_cairo,2,4,0.766,0.5,0.266,0.5,0.266
fake_cairo,2,5,0.766,0.5,0.266,0.5,0.266
fake_cairo,3,3,0.741,0.5,0.241,0.5,0.241
fake_cairo,3,4,0.741,0.5,0.241,0.5,0.241
fake_cairo,3,5,0.741,0.5,0.241,0.5,0.241
fake_cairo,4,3,0.845,0.5,0.345,0.5,0.345
fake_cairo,4,4,0.845,0.5,0.345,0.5,0.345
fake_cairo,4,5,0.845,0.5,0.345,0.5,0.345
fake_cairo,5,3,0.741,0.5,0.241,0.5,0.241
fake_cairo,5,4,0.741,0.5,0.241,0.5,0.241
fake_cairo,5,5,0.741,0.5,0.241,0.5,0.241
fake_cairo,6,3,0.848,0.5,0.348,0.5,0.348
fake_cairo,6,4,0.848,0.5,0.348,0.5,0.348
fake_cairo,6,5,0.848,0.5,0.348,0.5,0.348
fake_cairo,7,3,0.848,0.5,0.348,0.5,0.348
fake_cairo,7,4,0.848,0.5,0.348,0.5,0.348
fake_cairo,7,5,0.848,0.5,0.348,0.5,0.348
fake_cairo,8,3,0.841,0.5,0.34099999999999997,0.5,0.34099999999999997
fake_cairo,8,4,0.841,0.5,0.34099999999999997,0.5,0.34099999999999997
fake_cairo,8,5,0.841,0.5,0.34099999999999997,0.5,0.34099999999999997
fake_cairo,9,3,0.848,0.5,0.348,0.5,0.348
fake_cairo,9,4,0.848,0.5,0.348,0.5,0.348
fake_cairo,9,5,0.848,0.5,0.348,0.5,0.348
fake_cairo,10,3,0.847,0.5,0.347,0.5,0.347
fake_cairo,10,4,0.847,0.5,0.347,0.5,0.347
fake_cairo,10,5,0.847,0.5,0.347,0.5,0.347
fake_cairo,11,3,0.848,0.5,0.348,0.5,0.348
fake_cairo,11,4,0.848,0.5,0.348,0.5,0.348
fake_cairo,11,5,0.848,0.5,0.348,0.5,0.348
fake_mumbai,0,3,0.841,0.5,0.34099999999999997,0.5,0.34099999999999997
fake_mumbai,0,4,0.841,0.5,0.34099999999999997,0.5,0.34099999999999997
fake_mumbai,0,5,0.841,0.5,0.34099999999999997,0.5,0.34099999999999997
fake_mumbai,1,3,0.839,0.5,0.33899999999999997,0.5,0.33899999999999997
fake_mumbai,1,4,0.839,0.5,0.33899999999999997,0.5,0.33899999999999997
fake_mumbai,1,5,0.839,0.5,0.33899999999999997,0.5,0.33899999999999997
fake_mumbai,2,3,0.832,0.5,0.33199999999999996,0.5,0.33199999999999996
fake_mumbai,2,4,0.832,0.5,0.33199999999999996,0.5,0.33199999999999996
fake_mumbai,2,5,0.832,0.5,0.33199999999999996,0.5,0.33199999999999996
fake_mumbai,3,3,0.827,0.5,0.32699999999999996,0.5,0.32699999999999996
fake_mumbai,3,4,0.827,0.5,0.32699999999999996,0.5,0.32699999999999996
fake_mumbai,3,5,0.827,0.5,0.32699999999999996,0.5,0.32699999999999996
fake_mumbai,4,3,0.841,0.5,0.34099999999999997,0.5,0.34099999999999997
fake_mumbai,4,4,0.841,0.5,0.34099999999999997,0.5,0.34099999999999997
fake_mumbai,4,5,0.841,0.5,0.34099999999999997,0.5,0.34099999999999997
fake_kolkata,0,3,0.85,0.5,0.35,0.5,0.35
fake_kolkata,0,4,0.85,0.5,0.35,0.5,0.35
fake_kolkata,0,5,0.85,0.5,0.35,0.5,0.35
fake_kolkata,1,3,0.845,0.5,0.345,0.5,0.345
fake_kolkata,1,4,0.845,0.5,0.345,0.5,0.345
fake_kolkata,1,5,0.845,0.5,0.345,0.5,0.345
fake_kolkata,2,3,0.818,0.5,0.31799999999999995,0.5,0.31799999999999995
fake_kolkata,2,4,0.818,0.5,0.31799999999999995,0.5,0.31799999999999995
fake_kolkata,2,5,0.818,0.5,0.31799999999999995,0.5,0.31799999999999995
fake_kolkata,3,3,0.839,0.5,0.33899999999999997,0.5,0.33899999999999997
fake_kolkata,3,4,0.839,0.5,0.33899999999999997,0.5,0.33899999999999997
fake_kolkata,3,5,0.839,0.5,0.33899999999999997,0.5,0.33899999999999997
fake_kolkata,4,3,0.849,0.5,0.349,0.5,0.349
fake_kolkata,4,4,0.849,0.5,0.349,0.5,0.349
fake_kolkata,4,5,0.849,0.5,0.349,0.5,0.349
fake_auckland,0,3,0.846,0.5,0.346,0.5,0.346
fake_auckland,0,4,0.846,0.5,0.346,0.5,0.346
fake_auckland,0,5,0.846,0.5,0.346,0.5,0.346
fake_auckland,1,3,0.849,0.5,0.349,0.5,0.349
fake_auckland,1,4,0.849,0.5,0.349,0.5,0.349
fake_auckland,1,5,0.849,0.5,0.349,0.5,0.349
fake_auckland,2,3,0.846,0.5,0.346,0.5,0.346
fake_auckland,2,4,0.846,0.5,0.346,0.5,0.346
fake_auckland,2,5,0.846,0.5,0.346,0.5,0.346
fake_auckland,3,3,0.846,0.5,0.346,0.5,0.346
fake_auckland,3,4,0.846,0.5,0.346,0.5,0.346
fake_auckland,3,5,0.846,0.5,0.346,0.5,0.346
fake_auckland,4,3,0.848,0.5,0.348,0.5,0.348
fake_auckland,4,4,0.848,0.5,0.348,0.5,0.348
fake_auckland,4,5,0.848,0.5,0.348,0.5,0.348
fake_geneva,0,3,0.839,0.5,0.33899999999999997,0.5,0.33899999999999997
fake_geneva,0,4,0.839,0.5,0.33899999999999997,0.5,0.33899999999999997
fake_geneva,0,5,0.839,0.5,0.33899999999999997,0.5,0.33899999999999997
fake_geneva,1,3,0.825,0.5,0.32499999999999996,0.5,0.32499999999999996
fake_geneva,1,4,0.825,0.5,0.32499999999999996,0.5,0.32499999999999996
fake_geneva,1,5,0.825,0.5,0.32499999999999996,0.5,0.32499999999999996
fake_geneva,2,3,0.753,0.5,0.253,0.5,0.253
fake_geneva,2,4,0.753,0.5,0.253,0.5,0.253
fake_geneva,2,5,0.753,0.5,0.253,0.5,0.253
fake_geneva,3,3,0.764,0.5,0.264,0.5,0.264
fake_geneva,3,4,0.764,0.5,0.264,0.5,0.264
fake_geneva,3,5,0.771,0.5,0.271,0.5,0.271
fake_geneva,4,3,0.839,0.5,0.33899999999999997,0.5,0.33899999999999997
fake_geneva,4,4,0.839,0.5,0.33899999999999997,0.5,0.33899999999999997
fake_geneva,4,5,0.839,0.5,0.33899999999999997,0.5,0.33899999999999997
fake_montreal,0,3,0.825,0.5,0.32499999999999996,0.5,0.32499999999999996
fake_montreal,0,4,0.825,0.5,0.32499999999999996,0.5,0.32499999999999996
fake_montreal,0,5,0.825,0.5,0.32499999999999996,0.5,0.32499999999999996
fake_montreal,1,3,0.83,0.5,0.32999999999999996,0.5,0.32999999999999996
fake_montreal,1,4,0.83,0.5,0.32999999999999996,0.5,0.32999999999999996
fake_montreal,1,5,0.83,0.5,0.32999999999999996,0.5,0.32999999999999996
fake_montreal,2,3,0.827,0.5,0.32699999999999996,0.5,0.32699999999999996
fake_montreal,2,4,0.827,0.5,0.32699999999999996,0.5,0.32699999999999996
fake_montreal,2,5,0.827,0.5,0.32699999999999996,0.5,0.32699999999999996
fake_montreal,3,3,0.846,0.5,0.346,0.5,0.346
fake_montreal,3,4,0.846,0.5,0.346,0.5,0.346
fake_montreal,3,5,0.846,0.5,0.346,0.5,0.346
fake_montreal,4,3,0.837,0.5,0.33699999999999997,0.5,0.33699999999999997
fake_montreal,4,4,0.837,0.5,0.33699999999999997,0.5,0.33699999999999997
fake_montreal,4,5,0.837,0.5,0.33699999999999997,0.5,0.33699999999999997
fake_montreal,5,3,0.846,0.5,0.346,0.5,0.346
fake_montreal,5,4,0.846,0.5,0.346,0.5,0.346
fake_montreal,5,5,0.846,0.5,0.346,0.5,0.346
fake_paris,0,3,0.83,0.5,0.32999999999999996,0.5,0.32999999999999996
fake_paris,0,4,0.83,0.5,0.32999999999999996,0.5,0.32999999999999996
fake_paris,0,5,0.83,0.5,0.32999999999999996,0.5,0.32999999999999996
fake_paris,1,3,0.84,0.5,0.33999999999999997,0.5,0.33999999999999997
fake_paris,1,4,0.841,0.5,0.34099999999999997,0.5,0.34099999999999997
fake_paris,1,5,0.841,0.5,0.34099999999999997,0.5,0.34099999999999997
fake_paris,2,3,0.84,0.5,0.33999999999999997,0.5,0.33999999999999997
fake_paris,2,4,0.84,0.5,0.33999999999999997,0.5,0.33999999999999997
fake_paris,2,5,0.84,0.5,0.33999999999999997,0.5,0.33999999999999997
fake_paris,3,3,0.844,0.5,0.344,0.5,0.344
fake_paris,3,4,0.844,0.5,0.344,0.5,0.344
fake_paris,3,5,0.844,0.5,0.344,0.5,0.344
fake_paris,4,3,0.842,0.5,0.34199999999999997,0.5,0.34199999999999997
fake_paris,4,4,0.842,0.5,0.34199999999999997,0.5,0.34199999999999997
fake_paris,4,5,0.842,0.5,0.34199999999999997,0.5,0.34199999999999997
fake_paris,5,3,0.842,0.5,0.34199999999999997,0.5,0.34199999999999997
fake_paris,5,4,0.842,0.5,0.34199999999999997,0.5,0.34199999999999997
fake_paris,5,5,0.842,0.5,0.34199999999999997,0.5,0.34199999999999997
fake_sydney,0,3,0.81,0.5,0.31000000000000005,0.5,0.31000000000000005
fake_sydney,0,4,0.81,0.5,0.31000000000000005,0.5,0.31000000000000005
fake_sydney,0,5,0.81,0.5,0.31000000000000005,0.5,0.31000000000000005
fake_sydney,1,3,0.834,0.5,0.33399999999999996,0.5,0.33399999999999996
fake_sydney,1,4,0.834,0.5,0.33399999999999996,0.5,0.33399999999999996
fake_sydney,1,5,0.834,0.5,0.33399999999999996,0.5,0.33399999999999996
fake_sydney,2,3,0.842,0.5,0.34199999999999997,0.5,0.34199999999999997
fake_sydney,2,4,0.842,0.5,0.34199999999999997,0.5,0.34199999999999997
fake_sydney,2,5,0.842,0.5,0.34199999999999997,0.5,0.34199999999999997
fake_sydney,3,3,0.811,0.5,0.31100000000000005,0.5,0.31100000000000005
fake_sydney,3,4,0.811,0.5,0.31100000000000005,0.5,0.31100000000000005
fake_sydney,3,5,0.811,0.5,0.31100000000000005,0.5,0.31100000000000005
fake_sydney,4,3,0.845,0.5,0.345,0.5,0.345
fake_sydney,4,4,0.846,0.5,0.346,0.5,0.346
fake_sydney,4,5,0.846,0.5,0.346,0.5,0.346
fake_sydney,5,3,0.824,0.5,0.32399999999999995,0.5,0.32399999999999995
fake_sydney,5,4,0.824,0.5,0.32399999999999995,0.5,0.32399999999999995
fake_sydney,5,5,0.824,0.5,0.32399999999999995,0.5,0.32399999999999995
fake_toronto,0,3,0.816,0.5,0.31599999999999995,0.5,0.31599999999999995
fake_toronto,0,4,0.816,0.5,0.31599999999999995,0.5,0.31599999999999995
fake_toronto,0,5,0.816,0.5,0.31599999999999995,0.5,0.31599999999999995
fake_toronto,1,3,0.844,0.5,0.344,0.5,0.344
fake_toronto,1,4,0.844,0.5,0.344,0.5,0.344
fake_toronto,1,5,0.844,0.5,0.344,0.5,0.344
fake_toronto,2,3,0.794,0.5,0.29400000000000004,0.5,0.29400000000000004
fake_toronto,2,4,0.794,0.5,0.29400000000000004,0.5,0.29400000000000004
fake_toronto,2,5,0.794,0.5,0.29400000000000004,0.5,0.29400000000000004
fake_toronto,3,3,0.84,0.5,0.33999999999999997,0.5,0.33999999999999997
fake_toronto,3,4,0.84,0.5,0.33999999999999997,0.5,0.33999999999999997
fake_toronto,3,5,0.84,0.5,0.33999999999999997,0.5,0.33999999999999997
fake_toronto,4,3,0.837,0.5,0.33699999999999997,0.5,0.33699999999999997
fake_toronto,4,4,0.837,0.5,0.33699999999999997,0.5,0.33699999999999997
fake_toronto,4,5,0.837,0.5,0.33699999999999997,0.5,0.33699999999999997
fake_toronto,5,3,0.845,0.5,0.345,0.5,0.345
fake_toronto,5,4,0.845,0.5,0.345,0.5,0.345
fake_toronto,5,5,0.845,0.5,0.345,0.5,0.345
fake_valencia,0,3,0.837,0.5,0.33699999999999997,0.5,0.33699999999999997
fake_valencia,0,4,0.837,0.5,0.33699999999999997,0.5,0.33699999999999997
fake_valencia,0,5,0.837,0.5,0.33699999999999997,0.5,0.33699999999999997
fake_valencia,1,3,0.837,0.5,0.33699999999999997,0.5,0.33699999999999997
fake_valencia,1,4,0.837,0.5,0.33699999999999997,0.5,0.33699999999999997
fake_valencia,1,5,0.837,0.5,0.33699999999999997,0.5,0.33699999999999997
fake_valencia,2,3,0.819,0.5,0.31899999999999995,0.5,0.31899999999999995
fake_valencia,2,4,0.819,0.5,0.31899999999999995,0.5,0.31899999999999995
fake_valencia,2,5,0.819,0.5,0.31899999999999995,0.5,0.31899999999999995
fake_valencia,3,3,0.831,0.5,0.33099999999999996,0.5,0.33099999999999996
fake_valencia,3,4,0.831,0.5,0.33099999999999996,0.5,0.33099999999999996
fake_valencia,3,5,0.831,0.5,0.33099999999999996,0.5,0.33099999999999996
fake_athens,0,3,0.836,0.5,0.33599999999999997,0.5,0.33599999999999997
fake_athens,0,4,0.836,0.5,0.33599999999999997,0.5,0.33599999999999997
fake_athens,0,5,0.836,0.5,0.33599999999999997,0.5,0.33599999999999997
fake_athens,1,3,0.836,0.5,0.33599999999999997,0.5,0.33599999999999997
fake_athens,1,4,0.836,0.5,0.33599999999999997,0.5,0.33599999999999997
fake_athens,1,5,0.836,0.5,0.33599999999999997,0.5,0.33599999999999997
fake_athens,2,3,0.846,0.5,0.346,0.5,0.346
fake_athens,2,4,0.846,0.5,0.346,0.5,0.346
fake_athens,2,5,0.846,0.5,0.346,0.5,0.346
fake_belem,0,3,0.824,0.5,0.32399999999999995,0.5,0.32399999999999995
fake_belem,0,4,0.824,0.5,0.32399999999999995,0.5,0.32399999999999995
fake_belem,0,5,0.824,0.5,0.32399999999999995,0.5,0.32399999999999995
fake_belem,1,3,0.83,0.5,0.32999999999999996,0.5,0.32999999999999996
fake_belem,1,4,0.83,0.5,0.32999999999999996,0.5,0.32999999999999996
fake_belem,1,5,0.83,0.5,0.32999999999999996,0.5,0.32999999999999996
fake_belem,2,3,0.836,0.5,0.33599999999999997,0.5,0.33599999999999997
fake_belem,2,4,0.836,0.5,0.33599999999999997,0.5,0.33599999999999997
fake_belem,2,5,0.836,0.5,0.33599999999999997,0.5,0.33599999999999997
fake_belem,3,3,0.839,0.5,0.33899999999999997,0.5,0.33899999999999997
fake_belem,3,4,0.839,0.5,0.33899999999999997,0.5,0.33899999999999997
fake_belem,3,5,0.839,0.5,0.33899999999999997,0.5,0.33899999999999997
fake_bogota,0,3,0.829,0.5,0.32899999999999996,0.5,0.32899999999999996
fake_bogota,0,4,0.829,0.5,0.32899999999999996,0.5,0.32899999999999996
fake_bogota,0,5,0.829,0.5,0.32899999999999996,0.5,0.32899999999999996
fake_bogota,1,3,0.827,0.5,0.32699999999999996,0.5,0.32699999999999996
fake_bogota,1,4,0.827,0.5,0.32699999999999996,0.5,0.32699999999999996
fake_bogota,1,5,0.827,0.5,0.32699999999999996,0.5,0.32699999999999996
fake_bogota,2,3,0.829,0.5,0.32899999999999996,0.5,0.32899999999999996
fake_bogota,2,4,0.829,0.5,0.32899999999999996,0.5,0.32899999999999996
fake_bogota,2,5,0.829,0.5,0.32899999999999996,0.5,0.32899999999999996
fake_bogota,3,3,0.83,0.5,0.32999999999999996,0.5,0.32999999999999996
fake_bogota,3,4,0.83,0.5,0.32999999999999996,0.5,0.32999999999999996
fake_bogota,3,5,0.83,0.5,0.32999999999999996,0.5,0.32999999999999996
fake_burlington,0,3,0.819,0.5,0.31899999999999995,0.5,0.31899999999999995
fake_burlington,0,4,0.819,0.5,0.31899999999999995,0.5,0.31899999999999995
fake_burlington,0,5,0.819,0.5,0.31899999999999995,0.5,0.31899999999999995
fake_burlington,1,3,0.818,0.5,0.31799999999999995,0.5,0.31799999999999995
fake_burlington,1,4,0.819,0.5,0.31899999999999995,0.5,0.31899999999999995
fake_burlington,1,5,0.819,0.5,0.31899999999999995,0.5,0.31899999999999995
fake_burlington,2,3,0.818,0.5,0.31799999999999995,0.5,0.31799999999999995
fake_burlington,2,4,0.819,0.5,0.31899999999999995,0.5,0.31899999999999995
fake_burlington,2,5,0.819,0.5,0.31899999999999995,0.5,0.31899999999999995
fake_burlington,3,3,0.822,0.5,0.32199999999999995,0.5,0.32199999999999995
fake_burlington,3,4,0.822,0.5,0.32199999999999995,0.5,0.32199999999999995
fake_burlington,3,5,0.822,0.5,0.32199999999999995,0.5,0.32199999999999995
fake_essex,0,3,0.831,0.5,0.33099999999999996,0.5,0.33099999999999996
fake_essex,0,4,0.831,0.5,0.33099999999999996,0.5,0.33099999999999996
fake_essex,0,5,0.831,0.5,0.33099999999999996,0.5,0.33099999999999996
fake_essex,1,3,0.831,0.5,0.33099999999999996,0.5,0.33099999999999996
fake_essex,1,4,0.831,0.5,0.33099999999999996,0.5,0.33099999999999996
fake_essex,1,5,0.831,0.5,0.33099999999999996,0.5,0.33099999999999996
fake_essex,2,3,0.813,0.5,0.31299999999999994,0.5,0.31299999999999994
fake_essex,2,4,0.813,0.5,0.31299999999999994,0.5,0.31299999999999994
fake_essex,2,5,0.813,0.5,0.31299999999999994,0.5,0.31299999999999994
fake_essex,3,3,0.827,0.5,0.32699999999999996,0.5,0.32699999999999996
fake_essex,3,4,0.827,0.5,0.32699999999999996,0.5,0.32699999999999996
fake_essex,3,5,0.827,0.5,0.32699999999999996,0.5,0.32699999999999996
fake_lima,0,3,0.817,0.5,0.31699999999999995,0.5,0.31699999999999995
fake_lima,0,4,0.817,0.5,0.31699999999999995,0.5,0.31699999999999995
fake_lima,0,5,0.817,0.5,0.31699999999999995,0.5,0.31699999999999995
fake_lima,1,3,0.842,0.5,0.34199999999999997,0.5,0.34199999999999997
fake_lima,1,4,0.842,0.5,0.34199999999999997,0.5,0.34199999999999997
fake_lima,1,5,0.842,0.5,0.34199999999999997,0.5,0.34199999999999997
fake_lima,2,3,0.817,0.5,0.31699999999999995,0.5,0.31699999999999995
fake_lima,2,4,0.817,0.5,0.31699999999999995,0.5,0.31699999999999995
fake_lima,2,5,0.817,0.5,0.31699999999999995,0.5,0.31699999999999995
fake_london,0,3,0.841,0.5,0.34099999999999997,0.5,0.34099999999999997
fake_london,0,4,0.841,0.5,0.34099999999999997,0.5,0.34099999999999997
fake_london,0,5,0.841,0.5,0.34099999999999997,0.5,0.34099999999999997
fake_london,1,3,0.737,0.5,0.237,0.5,0.237
fake_london,1,4,0.737,0.5,0.237,0.5,0.237
fake_london,1,5,0.748,0.5,0.248,0.5,0.248
fake_london,2,3,0.841,0.5,0.34099999999999997,0.5,0.34099999999999997
fake_london,2,4,0.841,0.5,0.34099999999999997,0.5,0.34099999999999997
fake_london,2,5,0.841,0.5,0.34099999999999997,0.5,0.34099999999999997
fake_manila,0,3,0.843,0.5,0.34299999999999997,0.5,0.34299999999999997
fake_manila,0,4,0.843,0.5,0.34299999999999997,0.5,0.34299999999999997
fake_manila,0,5,0.843,0.5,0.34299999999999997,0.5,0.34299999999999997
fake_manila,1,3,0.838,0.5,0.33799999999999997,0.5,0.33799999999999997
fake_manila,1,4,0.838,0.5,0.33799999999999997,0.5,0.33799999999999997
fake_manila,1,5,0.838,0.5,0.33799999999999997,0.5,0.33799999999999997
fake_manila,2,3,0.84,0.5,0.33999999999999997,0.5,0.33999999999999997
fake_manila,2,4,0.84,0.5,0.33999999999999997,0.5,0.33999999999999997
fake_manila,2,5,0.84,0.5,0.33999999999999997,0.5,0.33999999999999997
fake_ourense,0,3,0.832,0.5,0.33199999999999996,0.5,0.33199999999999996
fake_ourense,0,4,0.832,0.5,0.33199999999999996,0.5,0.33199999999999996
fake_ourense,0,5,0.832,0.5,0.33199999999999996,0.5,0.33199999999999996
fake_ourense,1,3,0.832,0.5,0.33199999999999996,0.5,0.33199999999999996
fake_ourense,1,4,0.832,0.5,0.33199999999999996,0.5,0.33199999999999996
fake_ourense,1,5,0.832,0.5,0.33199999999999996,0.5,0.33199999999999996
fake_ourense,2,3,0.814,0.5,0.31399999999999995,0.5,0.31399999999999995
fake_ourense,2,4,0.814,0.5,0.31399999999999995,0.5,0.31399999999999995
fake_ourense,2,5,0.814,0.5,0.31399999999999995,0.5,0.31399999999999995
fake_quito,0,3,0.835,0.5,0.33499999999999996,0.5,0.33499999999999996
fake_quito,0,4,0.835,0.5,0.33499999999999996,0.5,0.33499999999999996
fake_quito,0,5,0.835,0.5,0.33499999999999996,0.5,0.33499999999999996
fake_quito,1,3,0.835,0.5,0.33499999999999996,0.5,0.33499999999999996
fake_quito,1,4,0.835,0.5,0.33499999999999996,0.5,0.33499999999999996
fake_quito,1,5,0.835,0.5,0.33499999999999996,0.5,0.33499999999999996
fake_quito,2,3,0.83,0.5,0.32999999999999996,0.5,0.32999999999999996
fake_quito,2,4,0.83,0.5,0.32999999999999996,0.5,0.32999999999999996
fake_quito,2,5,0.83,0.5,0.32999999999999996,0.5,0.32999999999999996
fake_rome,0,3,0.832,0.5,0.33199999999999996,0.5,0.33199999999999996
fake_rome,0,4,0.832,0.5,0.33199999999999996,0.5,0.33199999999999996
fake_rome,0,5,0.832,0.5,0.33199999999999996,0.5,0.33199999999999996
fake_rome,1,3,0.836,0.5,0.33599999999999997,0.5,0.33599999999999997
fake_rome,1,4,0.836,0.5,0.33599999999999997,0.5,0.33599999999999997
fake_rome,1,5,0.836,0.5,0.33599999999999997,0.5,0.33599999999999997
fake_rome,2,3,0.832,0.5,0.33199999999999996,0.5,0.33199999999999996
fake_rome,2,4,0.832,0.5,0.33199999999999996,0.5,0.33199999999999996
fake_rome,2,5,0.832,0.5,0.33199999999999996,0.5,0.33199999999999996
fake_santiago,0,3,0.844,0.5,0.344,0.5,0.344
fake_santiago,0,4,0.844,0.5,0.344,0.5,0.344
fake_santiago,0,5,0.844,0.5,0.344,0.5,0.344
fake_santiago,1,3,0.842,0.5,0.34199999999999997,0.5,0.34199999999999997
fake_santiago,1,4,0.842,0.5,0.34199999999999997,0.5,0.34199999999999997
fake_santiago,1,5,0.842,0.5,0.34199999999999997,0.5,0.34199999999999997
fake_santiago,2,3,0.843,0.5,0.34299999999999997,0.5,0.34299999999999997
fake_santiago,2,4,0.843,0.5,0.34299999999999997,0.5,0.34299999999999997
fake_santiago,2,5,0.843,0.5,0.34299999999999997,0.5,0.34299999999999997
fake_santiago,3,3,0.847,0.5,0.347,0.5,0.347
fake_santiago,3,4,0.847,0.5,0.347,0.5,0.347
fake_santiago,3,5,0.847,0.5,0.347,0.5,0.347
fake_vigo,0,3,0.8,0.5,0.30000000000000004,0.5,0.30000000000000004
fake_vigo,0,4,0.8,0.5,0.30000000000000004,0.5,0.30000000000000004
fake_vigo,0,5,0.8,0.5,0.30000000000000004,0.5,0.30000000000000004
fake_vigo,1,3,0.837,0.5,0.33699999999999997,0.5,0.33699999999999997
fake_vigo,1,4,0.837,0.5,0.33699999999999997,0.5,0.33699999999999997
fake_vigo,1,5,0.837,0.5,0.33699999999999997,0.5,0.33699999999999997
fake_vigo,2,3,0.843,0.5,0.34299999999999997,0.5,0.34299999999999997
fake_vigo,2,4,0.843,0.5,0.34299999999999997,0.5,0.34299999999999997
fake_vigo,2,5,0.843,0.5,0.34299999999999997,0.5,0.34299999999999997
fake_vigo,3,3,0.829,0.5,0.32899999999999996,0.5,0.32899999999999996
fake_vigo,3,4,0.829,0.5,0.32899999999999996,0.5,0.32899999999999996
fake_vigo,3,5,0.829,0.5,0.32899999999999996,0.5,0.32899999999999996
fake_yorktown,0,3,0.771,0.5,0.271,0.5,0.271
fake_yorktown,0,4,0.771,0.5,0.271,0.5,0.271
fake_yorktown,0,5,0.776,0.5,0.276,0.5,0.276
fake_yorktown,1,3,0.771,0.5,0.271,0.5,0.271
fake_yorktown,1,4,0.771,0.5,0.271,0.5,0.271
fake_yorktown,1,5,0.771,0.5,0.271,0.5,0.271
fake_yorktown,2,3,0.663,0.5,0.16300000000000003,0.5,0.16300000000000003
fake_yorktown,2,4,0.731,0.5,0.23099999999999998,0.5,0.23099999999999998
fake_yorktown,2,5,0.731,0.5,0.23099999999999998,0.5,0.23099999999999998
fake_johannesburg,0,3,0.834,0.5,0.33399999999999996,0.5,0.33399999999999996
fake_johannesburg,0,4,0.834,0.5,0.33399999999999996,0.5,0.33399999999999996
fake_johannesburg,0,5,0.834,0.5,0.33399999999999996,0.5,0.33399999999999996
fake_johannesburg,1,3,0.804,0.5,0.30400000000000005,0.5,0.30400000000000005
fake_johannesburg,1,4,0.804,0.5,0.30400000000000005,0.5,0.30400000000000005
fake_johannesburg,1,5,0.804,0.5,0.30400000000000005,0.5,0.30400000000000005
fake_johannesburg,2,3,0.788,0.5,0.28800000000000003,0.5,0.28800000000000003
fake_johannesburg,2,4,0.788,0.5,0.28800000000000003,0.5,0.28800000000000003
fake_johannesburg,2,5,0.789,0.5,0.28900000000000003,0.5,0.28900000000000003
fake_johannesburg,3,3,0.807,0.5,0.30700000000000005,0.5,0.30700000000000005
fake_johannesburg,3,4,0.807,0.5,0.30700000000000005,0.5,0.30700000000000005
fake_johannesburg,3,5,0.807,0.5,0.30700000000000005,0.5,0.30700000000000005
fake_johannesburg,4,3,0.804,0.5,0.30400000000000005,0.5,0.30400000000000005
fake_johannesburg,4,4,0.804,0.5,0.30400000000000005,0.5,0.30400000000000005
fake_johannesburg,4,5,0.804,0.5,0.30400000000000005,0.5,0.30400000000000005
fake_johannesburg,5,3,0.791,0.5,0.29100000000000004,0.5,0.29100000000000004
fake_johannesburg,5,4,0.791,0.5,0.29100000000000004,0.5,0.29100000000000004
fake_johannesburg,5,5,0.791,0.5,0.29100000000000004,0.5,0.29100000000000004
fake_almaden,0,3,0.836,0.5,0.33599999999999997,0.5,0.33599999999999997
fake_almaden,0,4,0.836,0.5,0.33599999999999997,0.5,0.33599999999999997
fake_almaden,0,5,0.836,0.5,0.33599999999999997,0.5,0.33599999999999997
fake_almaden,1,3,0.815,0.5,0.31499999999999995,0.5,0.31499999999999995
fake_almaden,1,4,0.815,0.5,0.31499999999999995,0.5,0.31499999999999995
fake_almaden,1,5,0.815,0.5,0.31499999999999995,0.5,0.31499999999999995
fake_almaden,2,3,0.825,0.5,0.32499999999999996,0.5,0.32499999999999996
fake_almaden,2,4,0.825,0.5,0.32499999999999996,0.5,0.32499999999999996
fake_almaden,2,5,0.825,0.5,0.32499999999999996,0.5,0.32499999999999996
fake_almaden,3,3,0.821,0.5,0.32099999999999995,0.5,0.32099999999999995
fake_almaden,3,4,0.821,0.5,0.32099999999999995,0.5,0.32099999999999995
fake_almaden,3,5,0.821,0.5,0.32099999999999995,0.5,0.32099999999999995
fake_almaden,4,3,0.835,0.5,0.33499999999999996,0.5,0.33499999999999996
fake_almaden,4,4,0.835,0.5,0.33499999999999996,0.5,0.33499999999999996
fake_almaden,4,5,0.835,0.5,0.33499999999999996,0.5,0.33499999999999996
fake_boeblingen,0,3,0.83,0.5,0.32999999999999996,0.5,0.32999999999999996
fake_boeblingen,0,4,0.83,0.5,0.32999999999999996,0.5,0.32999999999999996
fake_boeblingen,0,5,0.83,0.5,0.32999999999999996,0.5,0.32999999999999996
fake_boeblingen,1,3,0.807,0.5,0.30700000000000005,0.5,0.30700000000000005
fake_boeblingen,1,4,0.807,0.5,0.30700000000000005,0.5,0.30700000000000005
fake_boeblingen,1,5,0.807,0.5,0.30700000000000005,0.5,0.30700000000000005
fake_boeblingen,2,3,0.84,0.5,0.33999999999999997,0.5,0.33999999999999997
fake_boeblingen,2,4,0.84,0.5,0.33999999999999997,0.5,0.33999999999999997
fake_boeblingen,2,5,0.84,0.5,0.33999999999999997,0.5,0.33999999999999997
fake_boeblingen,3,3,0.826,0.5,0.32599999999999996,0.5,0.32599999999999996
fake_boeblingen,3,4,0.826,0.5,0.32599999999999996,0.5,0.32599999999999996
fake_boeblingen,3,5,0.826,0.5,0.32599999999999996,0.5,0.32599999999999996
fake_boeblingen,4,3,0.826,0.5,0.32599999999999996,0.5,0.32599999999999996
fake_boeblingen,4,4,0.826,0.5,0.32599999999999996,0.5,0.32599999999999996
fake_boeblingen,4,5,0.826,0.5,0.32599999999999996,0.5,0.32599999999999996
fake_poughkeepsie,0,3,0.823,0.5,0.32299999999999995,0.5,0.32299999999999995
fake_poughkeepsie,0,4,0.823,0.5,0.32299999999999995,0.5,0.32299999999999995
fake_poughkeepsie,0,5,0.823,0.5,0.32299999999999995,0.5,0.32299999999999995
fake_poughkeepsie,1,3,0.817,0.5,0.31699999999999995,0.5,0.31699999999999995
fake_poughkeepsie,1,4,0.817,0.5,0.31699999999999995,0.5,0.31699999999999995
fake_poughkeepsie,1,5,0.817,0.5,0.31699999999999995,0.5,0.31699999999999995
fake_poughkeepsie,2,3,0.834,0.5,0.33399999999999996,0.5,0.33399999999999996
fake_poughkeepsie,2,4,0.834,0.5,0.33399999999999996,0.5,0.33399999999999996
fake_poughkeepsie,2,5,0.834,0.5,0.33399999999999996,0.5,0.33399999999999996
fake_poughkeepsie,3,3,0.822,0.5,0.32199999999999995,0.5,0.32199999999999995
fake_poughkeepsie,3,4,0.822,0.5,0.32199999999999995,0.5,0.32199999999999995
fake_poughkeepsie,3,5,0.822,0.5,0.32199999999999995,0.5,0.32199999999999995
fake_poughkeepsie,4,3,0.824,0.5,0.32399999999999995,0.5,0.32399999999999995
fake_poughkeepsie,4,4,0.824,0.5,0.32399999999999995,0.5,0.32399999999999995
fake_poughkeepsie,4,5,0.824,0.5,0.32399999999999995,0.5,0.32399999999999995
fake_singapore,0,3,0.791,0.5,0.29100000000000004,0.5,0.29100000000000004
fake_singapore,0,4,0.791,0.5,0.29100000000000004,0.5,0.29100000000000004
fake_singapore,0,5,0.793,0.5,0.29300000000000004,0.5,0.29300000000000004
fake_singapore,1,3,0.831,0.5,0.33099999999999996,0.5,0.33099999999999996
fake_singapore,1,4,0.831,0.5,0.33099999999999996,0.5,0.33099999999999996
fake_singapore,1,5,0.831,0.5,0.33099999999999996,0.5,0.33099999999999996
fake_singapore,2,3,0.795,0.5,0.29500000000000004,0.5,0.29500000000000004
fake_singapore,2,4,0.795,0.5,0.29500000000000004,0.5,0.29500000000000004
fake_singapore,2,5,0.795,0.5,0.29500000000000004,0.5,0.29500000000000004
fake_singapore,3,3,0.82,0.5,0.31999999999999995,0.5,0.31999999999999995
fake_singapore,3,4,0.82,0.5,0.31999999999999995,0.5,0.31999999999999995
fake_singapore,3,5,0.82,0.5,0.31999999999999995,0.5,0.31999999999999995
fake_singapore,4,3,0.795,0.5,0.29500000000000004,0.5,0.29500000000000004
fake_singapore,4,4,0.795,0.5,0.29500000000000004,0.5,0.29500000000000004
fake_singapore,4,5,0.795,0.5,0.29500000000000004,0.5,0.29500000000000004
fake_singapore,5,3,0.795,0.5,0.29500000000000004,0.5,0.29500000000000004
fake_singapore,5,4,0.795,0.5,0.29500000000000004,0.5,0.29500000000000004
fake_singapore,5,5,0.798,0.5,0.29800000000000004,0.5,0.29800000000000004
fake_perth,0,3,0.833,0.5,0.33299999999999996,0.5,0.33299999999999996
fake_perth,0,4,0.833,0.5,0.33299999999999996,0.5,0.33299999999999996
fake_perth,0,5,0.833,0.5,0.33299999999999996,0.5,0.33299999999999996
fake_perth,1,3,0.831,0.5,0.33099999999999996,0.5,0.33099999999999996
fake_perth,1,4,0.831,0.5,0.33099999999999996,0.5,0.33099999999999996
fake_perth,1,5,0.831,0.5,0.33099999999999996,0.5,0.33099999999999996
fake_perth,2,3,0.83,0.5,0.32999999999999996,0.5,0.32999999999999996
fake_perth,2,4,0.83,0.5,0.32999999999999996,0.5,0.32999999999999996
fake_perth,2,5,0.83,0.5,0.32999999999999996,0.5,0.32999999999999996
fake_perth,3,3,0.833,0.5,0.33299999999999996,0.5,0.33299999999999996
fake_perth,3,4,0.833,0.5,0.33299999999999996,0.5,0.33299999999999996
fake_perth,3,5,0.833,0.5,0.33299999999999996,0.5,0.33299999999999996
fake_lagos,0,3,0.668,0.5,0.16800000000000004,0.5,0.16800000000000004
fake_lagos,0,4,0.733,0.5,0.23299999999999998,0.5,0.23299999999999998
fake_lagos,0,5,0.733,0.5,0.23299999999999998,0.5,0.23299999999999998
fake_lagos,1,3,0.757,0.5,0.257,0.5,0.257
fake_lagos,1,4,0.757,0.5,0.257,0.5,0.257
fake_lagos,1,5,0.772,0.5,0.272,0.5,0.272
fake_lagos,2,3,0.841,0.5,0.34099999999999997,0.5,0.34099999999999997
fake_lagos,2,4,0.841,0.5,0.34099999999999997,0.5,0.34099999999999997
fake_lagos,2,5,0.841,0.5,0.34099999999999997,0.5,0.34099999999999997
fake_nairobi,0,3,0.837,0.5,0.33699999999999997,0.5,0.33699999999999997
fake_nairobi,0,4,0.837,0.5,0.33699999999999997,0.5,0.33699999999999997
fake_nairobi,0,5,0.837,0.5,0.33699999999999997,0.5,0.33699999999999997
fake_nairobi,1,3,0.84,0.5,0.33999999999999997,0.5,0.33999999999999997
fake_nairobi,1,4,0.84,0.5,0.33999999999999997,0.5,0.33999999999999997
fake_nairobi,1,5,0.84,0.5,0.33999999999999997,0.5,0.33999999999999997
fake_nairobi,2,3,0.837,0.5,0.33699999999999997,0.5,0.33699999999999997
fake_nairobi,2,4,0.837,0.5,0.33699999999999997,0.5,0.33699999999999997
fake_nairobi,2,5,0.837,0.5,0.33699999999999997,0.5,0.33699999999999997
fake_nairobi,3,3,0.812,0.5,0.31200000000000006,0.5,0.31200000000000006
fake_nairobi,3,4,0.812,0.5,0.31200000000000006,0.5,0.31200000000000006
fake_nairobi,3,5,0.812,0.5,0.31200000000000006,0.5,0.31200000000000006
fake_casablanca,0,3,0.839,0.5,0.33899999999999997,0.5,0.33899999999999997
fake_casablanca,0,4,0.839,0.5,0.33899999999999997,0.5,0.33899999999999997
fake_casablanca,0,5,0.839,0.5,0.33899999999999997,0.5,0.33899999999999997
fake_casablanca,1,3,0.842,0.5,0.34199999999999997,0.5,0.34199999999999997
fake_casablanca,1,4,0.842,0.5,0.34199999999999997,0.5,0.34199999999999997
fake_casablanca,1,5,0.842,0.5,0.34199999999999997,0.5,0.34199999999999997
fake_casablanca,2,3,0.842,0.5,0.34199999999999997,0.5,0.34199999999999997
fake_casablanca,2,4,0.842,0.5,0.34199999999999997,0.5,0.34199999999999997
fake_casablanca,2,5,0.842,0.5,0.34199999999999997,0.5,0.34199999999999997
fake_casablanca,3,3,0.83,0.5,0.32999999999999996,0.5,0.32999999999999996
fake_casablanca,3,4,0.83,0.5,0.32999999999999996,0.5,0.32999999999999996
fake_casablanca,3,5,0.83,0.5,0.32999999999999996,0.5,0.32999999999999996
fake_oslo,0,3,0.846,0.5,0.346,0.5,0.346
fake_oslo,0,4,0.846,0.5,0.346,0.5,0.346
fake_oslo,0,5,0.846,0.5,0.346,0.5,0.346
fake_oslo,1,3,0.843,0.5,0.34299999999999997,0.5,0.34299999999999997
fake_oslo,1,4,0.843,0.5,0.34299999999999997,0.5,0.34299999999999997
fake_oslo,1,5,0.843,0.5,0.34299999999999997,0.5,0.34299999999999997
fake_oslo,2,3,0.846,0.5,0.346,0.5,0.346
fake_oslo,2,4,0.846,0.5,0.346,0.5,0.346
fake_oslo,2,5,0.846,0.5,0.346,0.5,0.346
fake_jakarta,0,3,0.838,0.5,0.33799999999999997,0.5,0.33799999999999997
fake_jakarta,0,4,0.838,0.5,0.33799999999999997,0.5,0.33799999999999997
fake_jakarta,0,5,0.838,0.5,0.33799999999999997,0.5,0.33799999999999997
fake_jakarta,1,3,0.819,0.5,0.31899999999999995,0.5,0.31899999999999995
fake_jakarta,1,4,0.819,0.5,0.31899999999999995,0.5,0.31899999999999995
fake_jakarta,1,5,0.819,0.5,0.31899999999999995,0.5,0.31899999999999995
fake_jakarta,2,3,0.842,0.5,0.34199999999999997,0.5,0.34199999999999997
fake_jakarta,2,4,0.842,0.5,0.34199999999999997,0.5,0.34199999999999997
fake_jakarta,2,5,0.842,0.5,0.34199999999999997,0.5,0.34199999999999997
fake_jakarta,3,3,0.834,0.5,0.33399999999999996,0.5,0.33399999999999996
fake_jakarta,3,4,0.834,0.5,0.33399999999999996,0.5,0.33399999999999996
fake_jakarta,3,5,0.834,0.5,0.33399999999999996,0.5,0.33399999999999996
fake_brooklyn,0,3,0.829,0.5,0.32899999999999996,0.5,0.32899999999999996
fake_brooklyn,0,4,0.829,0.5,0.32899999999999996,0.5,0.32899999999999996
fake_brooklyn,0,5,0.829,0.5,0.32899999999999996,0.5,0.32899999999999996
fake_brooklyn,1,3,0.842,0.5,0.34199999999999997,0.5,0.34199999999999997
fake_brooklyn,1,4,0.842,0.5,0.34199999999999997,0.5,0.34199999999999997
fake_brooklyn,1,5,0.842,0.5,0.34199999999999997,0.5,0.34199999999999997
fake_brooklyn,2,3,0.843,0.5,0.34299999999999997,0.5,0.34299999999999997
fake_brooklyn,2,4,0.843,0.5,0.34299999999999997,0.5,0.34299999999999997
fake_brooklyn,2,5,0.844,0.5,0.344,0.5,0.344
fake_brooklyn,3,3,0.835,0.5,0.33499999999999996,0.5,0.33499999999999996
fake_brooklyn,3,4,0.835,0.5,0.33499999999999996,0.5,0.33499999999999996
fake_brooklyn,3,5,0.835,0.5,0.33499999999999996,0.5,0.33499999999999996
fake_brooklyn,4,3,0.843,0.5,0.34299999999999997,0.5,0.34299999999999997
fake_brooklyn,4,4,0.843,0.5,0.34299999999999997,0.5,0.34299999999999997
fake_brooklyn,4,5,0.843,0.5,0.34299999999999997,0.5,0.34299999999999997
fake_brooklyn,5,3,0.84,0.5,0.33999999999999997,0.5,0.33999999999999997
fake_brooklyn,5,4,0.84,0.5,0.33999999999999997,0.5,0.33999999999999997
fake_brooklyn,5,5,0.84,0.5,0.33999999999999997,0.5,0.33999999999999997
fake_manhattan,0,3,0.845,0.5,0.345,0.5,0.345
fake_manhattan,0,4,0.845,0.5,0.345,0.5,0.345
fake_manhattan,0,5,0.845,0.5,0.345,0.5,0.345
fake_manhattan,1,3,0.833,0.5,0.33299999999999996,0.5,0.33299999999999996
fake_manhattan,1,4,0.833,0.5,0.33299999999999996,0.5,0.33299999999999996
fake_manhattan,1,5,0.833,0.5,0.33299999999999996,0.5,0.33299999999999996
fake_manhattan,2,3,0.843,0.5,0.34299999999999997,0.5,0.34299999999999997
fake_manhattan,2,4,0.843,0.5,0.34299999999999997,0.5,0.34299999999999997
fake_manhattan,2,5,0.843,0.5,0.34299999999999997,0.5,0.34299999999999997
fake_manhattan,3,3,0.833,0.5,0.33299999999999996,0.5,0.33299999999999996
fake_manhattan,3,4,0.833,0.5,0.33299999999999996,0.5,0.33299999999999996
fake_manhattan,3,5,0.833,0.5,0.33299999999999996,0.5,0.33299999999999996
fake_manhattan,4,3,0.833,0.5,0.33299999999999996,0.5,0.33299999999999996
fake_manhattan,4,4,0.833,0.5,0.33299999999999996,0.5,0.33299999999999996
fake_manhattan,4,5,0.833,0.5,0.33299999999999996,0.5,0.33299999999999996
fake_manhattan,5,3,0.833,0.5,0.33299999999999996,0.5,0.33299999999999996
fake_manhattan,5,4,0.833,0.5,0.33299999999999996,0.5,0.33299999999999996
fake_manhattan,5,5,0.833,0.5,0.33299999999999996,0.5,0.33299999999999996
fake_cambridge,0,3,0.822,0.5,0.32199999999999995,0.5,0.32199999999999995
fake_cambridge,0,4,0.822,0.5,0.32199999999999995,0.5,0.32199999999999995
fake_cambridge,0,5,0.822,0.5,0.32199999999999995,0.5,0.32199999999999995
fake_cambridge,1,3,0.839,0.5,0.33899999999999997,0.5,0.33899999999999997
fake_cambridge,1,4,0.839,0.5,0.33899999999999997,0.5,0.33899999999999997
fake_cambridge,1,5,0.839,0.5,0.33899999999999997,0.5,0.33899999999999997
fake_cambridge,2,3,0.747,0.5,0.247,0.5,0.247
fake_cambridge,2,4,0.747,0.5,0.247,0.5,0.247
fake_cambridge,2,5,0.747,0.5,0.247,0.5,0.247
fake_cambridge,3,3,0.834,0.5,0.33399999999999996,0.5,0.33399999999999996
fake_cambridge,3,4,0.834,0.5,0.33399999999999996,0.5,0.33399999999999996
fake_cambridge,3,5,0.834,0.5,0.33399999999999996,0.5,0.33399999999999996
fake_cambridge,4,3,0.748,0.5,0.248,0.5,0.248
fake_cambridge,4,4,0.748,0.5,0.248,0.5,0.248
fake_cambridge,4,5,0.763,0.5,0.263,0.5,0.263
fake_cambridge,5,3,0.748,0.5,0.248,0.5,0.248
fake_cambridge,5,4,0.748,0.5,0.248,0.5,0.248
fake_cambridge,5,5,0.748,0.5,0.248,0.5,0.248
fake_guadalupe,0,3,0.839,0.5,0.33899999999999997,0.5,0.33899999999999997
fake_guadalupe,0,4,0.839,0.5,0.33899999999999997,0.5,0.33899999999999997
fake_guadalupe,0,5,0.839,0.5,0.33899999999999997,0.5,0.33899999999999997
fake_guadalupe,1,3,0.84,0.5,0.33999999999999997,0.5,0.33999999999999997
fake_guadalupe,1,4,0.84,0.5,0.33999999999999997,0.5,0.33999999999999997
fake_guadalupe,1,5,0.84,0.5,0.33999999999999997,0.5,0.33999999999999997
fake_guadalupe,2,3,0.842,0.5,0.34199999999999997,0.5,0.34199999999999997
fake_guadalupe,2,4,0.842,0.5,0.34199999999999997,0.5,0.34199999999999997
fake_guadalupe,2,5,0.842,0.5,0.34199999999999997,0.5,0.34199999999999997
fake_guadalupe,3,3,0.838,0.5,0.33799999999999997,0.5,0.33799999999999997
fake_guadalupe,3,4,0.838,0.5,0.33799999999999997,0.5,0.33799999999999997
fake_guadalupe,3,5,0.838,0.5,0.33799999999999997,0.5,0.33799999999999997
fake_guadalupe,4,3,0.842,0.5,0.34199999999999997,0.5,0.34199999999999997
fake_guadalupe,4,4,0.842,0.5,0.34199999999999997,0.5,0.34199999999999997
fake_guadalupe,4,5,0.842,0.5,0.34199999999999997,0.5,0.34199999999999997
fake_guadalupe,5,3,0.842,0.5,0.34199999999999997,0.5,0.34199999999999997
fake_guadalupe,5,4,0.842,0.5,0.34199999999999997,0.5,0.34199999999999997
fake_guadalupe,5,5,0.842,0.5,0.34199999999999997,0.5,0.34199999999999997
fake_melbourne,0,3,0.824,0.5,0.32399999999999995,0.5,0.32399999999999995
fake_melbourne,0,4,0.824,0.5,0.32399999999999995,0.5,0.32399999999999995
fake_melbourne,0,5,0.824,0.5,0.32399999999999995,0.5,0.32399999999999995
fake_melbourne,1,3,0.793,0.5,0.29300000000000004,0.5,0.29300000000000004
fake_melbourne,1,4,0.793,0.5,0.29300000000000004,0.5,0.29300000000000004
fake_melbourne,1,5,0.793,0.5,0.29300000000000004,0.5,0.29300000000000004
fake_melbourne,2,3,0.809,0.5,0.30900000000000005,0.5,0.30900000000000005
fake_melbourne,2,4,0.809,0.5,0.30900000000000005,0.5,0.30900000000000005
fake_melbourne,2,5,0.809,0.5,0.30900000000000005,0.5,0.30900000000000005
fake_melbourne,3,3,0.824,0.5,0.32399999999999995,0.5,0.32399999999999995
fake_melbourne,3,4,0.824,0.5,0.32399999999999995,0.5,0.32399999999999995
fake_melbourne,3,5,0.824,0.5,0.32399999999999995,0.5,0.32399999999999995
fake_melbourne,4,3,0.831,0.5,0.33099999999999996,0.5,0.33099999999999996
fake_melbourne,4,4,0.831,0.5,0.33099999999999996,0.5,0.33099999999999996
fake_melbourne,4,5,0.831,0.5,0.33099999999999996,0.5,0.33099999999999996
fake_melbourne,5,3,0.827,0.5,0.32699999999999996,0.5,0.32699999999999996
fake_melbourne,5,4,0.827,0.5,0.32699999999999996,0.5,0.32699999999999996
fake_melbourne,5,5,0.827,0.5,0.32699999999999996,0.5,0.32699999999999996
fake_rochester,0,3,0.667,0.5,0.16700000000000004,0.5,0.16700000000000004
fake_rochester,0,4,0.732,0.5,0.23199999999999998,0.5,0.23199999999999998
fake_rochester,0,5,0.732,0.5,0.23199999999999998,0.5,0.23199999999999998
fake_rochester,1,3,0.718,0.5,0.21799999999999997,0.5,0.21799999999999997
fake_rochester,1,4,0.718,0.5,0.21799999999999997,0.5,0.21799999999999997
fake_rochester,1,5,0.718,0.5,0.21799999999999997,0.5,0.21799999999999997
fake_rochester,2,3,0.786,0.5,0.28600000000000003,0.5,0.28600000000000003
fake_rochester,2,4,0.786,0.5,0.28600000000000003,0.5,0.28600000000000003
fake_rochester,2,5,0.786,0.5,0.28600000000000003,0.5,0.28600000000000003
fake_rochester,3,3,0.793,0.5,0.29300000000000004,0.5,0.29300000000000004
fake_rochester,3,4,0.793,0.5,0.29300000000000004,0.5,0.29300000000000004
fake_rochester,3,5,0.794,0.5,0.29400000000000004,0.5,0.29400000000000004
fake_rochester,4,3,0.779,0.5,0.279,0.5,0.279
fake_rochester,4,4,0.779,0.5,0.279,0.5,0.279
fake_rochester,4,5,0.779,0.5,0.279,0.5,0.279
fake_rochester,5,3,0.707,0.5,0.20699999999999996,0.5,0.20699999999999996
fake_rochester,5,4,0.707,0.5,0.20699999999999996,0.5,0.20699999999999996
fake_rochester,5,5,0.707,0.5,0.20699999999999996,0.5,0.20699999999999996
fake_washington,0,3,0.762,0.5,0.262,0.5,0.262
fake_washington,0,4,0.762,0.5,0.262,0.5,0.262
fake_washington,0,5,0.762,0.5,0.262,0.5,0.262
fake_washington,1,3,0.851,0.5,0.351,0.5,0.351
fake_washington,1,4,0.851,0.5,0.351,0.5,0.351
fake_washington,1,5,0.851,0.5,0.351,0.5,0.351
fake_washington,2,3,0.825,0.5,0.32499999999999996,0.5,0.32499999999999996
fake_washington,2,4,0.825,0.5,0.32499999999999996,0.5,0.32499999999999996
fake_washington,2,5,0.825,0.5,0.32499999999999996,0.5,0.32499999999999996
fake_washington,3,3,0.833,0.5,0.33299999999999996,0.5,0.33299999999999996
fake_washington,3,4,0.833,0.5,0.33299999999999996,0.5,0.33299999999999996
fake_washington,3,5,0.833,0.5,0.33299999999999996,0.5,0.33299999999999996
fake_washington,4,3,0.816,0.5,0.31599999999999995,0.5,0.31599999999999995
fake_washington,4,4,0.816,0.5,0.31599999999999995,0.5,0.31599999999999995
fake_washington,4,5,0.816,0.5,0.31599999999999995,0.5,0.31599999999999995
fake_washington,5,3,0.844,0.5,0.344,0.5,0.344
fake_washington,5,4,0.844,0.5,0.344,0.5,0.344
fake_washington,5,5,0.844,0.5,0.344,0.5,0.344
