,hardware_spec,embedding_index,horizon,hcxh,hcxh2,twoq,twoq2
0,fake_algiers,0,2,0.846302178117,0.8462858818,,0.846301178888
1,fake_algiers,0,3,0.846302178117,0.8462858818,0.8462858818,0.846301652157092
2,fake_algiers,0,4,0.846302178117,0.8462858818,0.8462858818,0.8528188671931747
3,fake_algiers,0,5,0.846302178117,0.8462858818,0.8462858818,0.8528188760998624
4,fake_algiers,0,6,0.846302178117,0.8462858818,,
5,fake_algiers,1,2,0.8470545985,0.8470456622,,0.847053599
6,fake_algiers,1,3,0.8470545985,0.8470456622,0.8470456622,0.8470537766222
7,fake_algiers,1,4,0.8474190265386655,0.8474617549246447,0.8470456622,0.8530399722709834
8,fake_algiers,1,5,0.8474190265386655,0.8510334793151835,0.8470456622,0.8530399753347212
9,fake_algiers,1,6,0.8474190265386655,0.8511012478717639,,
10,fake_algiers,2,2,0.839286886281,0.839282372,,0.839287886282
11,fake_algiers,2,3,0.839287886282,0.839282372,0.839292372,0.8392885686642096
12,fake_algiers,2,4,0.839287886282,0.839282372,0.839292372,0.8523279529218358
13,fake_algiers,2,5,0.839287886282,0.839282372,0.839292372,0.8523279791469305
14,fake_algiers,2,6,0.839287886282,0.839282372,,
15,fake_algiers,3,2,0.84496850779,0.844978353,,0.844967508491
16,fake_algiers,3,3,0.84496850779,0.844978353,0.8449883532,0.8449676575864108
17,fake_algiers,3,4,0.84496850779,0.844978353,0.8449883532,0.8530128125742739
18,fake_algiers,3,5,0.84496850779,0.844978353,0.8449883532,0.8530128160514054
19,fake_algiers,3,6,0.84496850779,0.8457552991769924,,
20,fake_algiers,4,2,0.849503181241,0.8494891378,,0.849503181241
21,fake_algiers,4,3,0.849504182306,0.8494891378,0.8494991376,0.849503181241
22,fake_algiers,4,4,0.849504182306,0.8494891378,0.8494991376,0.8531181681817552
23,fake_algiers,4,5,0.849504182306,0.850006322533951,0.8494991376,0.8531181730970246
24,fake_algiers,4,6,0.849504182306,0.8500090004680599,,
25,fake_algiers,5,2,0.846839090433,0.8468324144,,0.846840088914
26,fake_algiers,5,3,0.846841085876,0.846840882724144,0.84684932064768,0.846840088914
27,fake_algiers,5,4,0.846841085876,0.8468493511329712,0.8468577891408865,0.852344289381467
28,fake_algiers,5,5,0.846841085876,0.8468578196264825,0.8468831949592457,0.8523442960907501
29,fake_algiers,5,6,0.846841085876,0.8468662882046788,,
30,fake_almaden,0,2,0.835961082415,0.835957958,,0.835960085662
31,fake_almaden,0,3,0.835961082415,0.83596631757958,0.83597631767958,0.8359601810532556
32,fake_almaden,0,4,0.835961082415,0.8359746772427558,0.83597631767958,0.8512722588698167
33,fake_almaden,0,5,0.835961082415,0.8359830369895282,0.8359930372895312,0.8512722632174776
34,fake_almaden,0,6,0.835961082415,0.8359913968198981,,
35,fake_almaden,1,2,0.814835809779,0.8148374704,,0.814835809779
36,fake_almaden,1,3,0.814835809779,0.814845618774704,0.814845618774704,0.8148366162414565
37,fake_almaden,1,4,0.814835809779,0.8148537672308918,0.8148537672308918,0.8466278996641126
38,fake_almaden,1,5,0.814835809779,0.814861915768564,0.814861915768564,0.8466279810984191
39,fake_almaden,1,6,0.814835809779,0.8148700643877217,,
40,fake_almaden,2,2,0.824776891438,0.8247755896,,0.824775892196
41,fake_almaden,2,3,0.824776891438,0.824783837355896,0.824793837455896,0.824775892196
42,fake_almaden,2,4,0.824776891438,0.8247920851942696,0.824793837455896,0.8497184410804928
43,fake_almaden,2,5,0.824776891438,0.8248003331151215,0.8248103334151246,0.8497184502825214
44,fake_almaden,2,6,0.824776891438,0.8248085811184527,,
45,fake_almaden,3,2,0.820811555256,0.8208116349,,0.820811556688
46,fake_almaden,3,3,0.820812553824,0.820819843016349,0.820819828616205,0.82081178602928
47,fake_almaden,3,4,0.8308685839943524,0.8308635283849665,0.820819828616205,0.8483855393266136
48,fake_almaden,3,5,0.8308685839943524,0.8421193213344595,0.8208362450948593,0.8483855590384967
49,fake_almaden,3,6,0.8308685839943524,0.8427871153360021,,
50,fake_almaden,4,2,0.834899619,0.8348976183,,0.834900616096
51,fake_almaden,4,3,0.834902616096,0.834905967276183,0.834915938275892,0.8349009152248
52,fake_almaden,4,4,0.834902616096,0.8349143163358558,0.834915938275892,0.85122732025948
53,fake_almaden,4,5,0.834902616096,0.846456832978625,0.8349326366781491,0.851227334842009
54,fake_almaden,4,6,0.834902616096,0.8466319471007013,,
55,fake_athens,0,2,0.835954409691,0.8359496286,,0.835955409073
56,fake_athens,0,3,0.83595441031,0.835957988096286,0.835976347592568,0.835955409073
57,fake_athens,0,4,0.83595441031,0.835966347676167,0.8359847073560439,0.8518853866613953
58,fake_athens,0,5,0.83595441031,0.8405093556757928,0.8360097869808623,0.8518854026644619
59,fake_athens,0,6,0.83595441031,0.8407192438349562,,
60,fake_athens,1,2,0.835955409692,0.8359496286,,0.835955409073
61,fake_athens,1,3,0.835956407836,0.8359496286,0.8359496286,0.835955409073
62,fake_athens,1,4,0.8411959590179279,0.841154925643934,0.8359496286,0.8518853866613953
63,fake_athens,1,5,0.8411959590179279,0.8488485154346675,0.8359496286,0.8518854026644619
64,fake_athens,1,6,0.8411959590179279,0.8490522070223995,,
65,fake_athens,2,2,0.84588891788,0.8458834568,,0.845887918635
66,fake_athens,2,3,0.84588891788,0.8458834568,0.8458834568,0.845888137603857
67,fake_athens,2,4,0.84588891788,0.8458834568,0.8458834568,0.852804515505114
68,fake_athens,2,5,0.84588891788,0.8475779721602791,0.8458834568,0.852804519883611
69,fake_athens,2,6,0.84588891788,0.8476276599911031,,
70,fake_auckland,0,2,0.845583464967,0.845590237,,0.845582465348
71,fake_auckland,0,3,0.845583464967,0.845590237,0.845590237,0.8455829877496264
72,fake_auckland,0,4,0.845583464967,0.845590237,0.845590237,0.8530345681887969
73,fake_auckland,0,5,0.845583464967,0.845590237,0.845590237,0.8530345794530192
74,fake_auckland,0,6,0.845583464967,0.845590237,,
75,fake_auckland,1,2,0.848985592837,0.8489916486,,0.848985592837
76,fake_auckland,1,3,0.848985592837,0.8489916486,0.8489916486,0.848985592837
77,fake_auckland,1,4,0.848985592837,0.8489916486,0.8489916486,0.8531476516177477
78,fake_auckland,1,5,0.848985592837,0.8490573745464234,0.8489916486,0.8531476554073127
79,fake_auckland,1,6,0.848985592837,0.8492305951804363,,
80,fake_auckland,2,2,0.846183214492,0.8461713694,,0.846182214822
81,fake_auckland,2,3,0.846183214492,0.8461713694,0.8461813628,0.8461824339774813
82,fake_auckland,2,4,0.846183214492,0.8461713694,0.8461813628,0.8531047066173877
83,fake_auckland,2,5,0.846183214492,0.8507308990023597,0.8461813628,0.8531047109996164
84,fake_auckland,2,6,0.846183214492,0.8507580545690089,,
85,fake_auckland,3,2,0.845668341352,0.8456761858,,0.845669340688
86,fake_auckland,3,3,0.845670340688,0.845684642561858,0.845693099323716,0.845669340688
87,fake_auckland,3,4,0.8457646113137203,0.8457480200421306,0.8457015562547092,0.8528515645668903
88,fake_auckland,3,5,0.8457646113137203,0.8494833805009027,0.8457269273859662,0.8528515709273491
89,fake_auckland,3,6,0.8457646113137203,0.8495300303201195,,
90,fake_auckland,4,2,0.847860201251,0.84785996,,0.84786120125
91,fake_auckland,4,3,0.84786120125,0.8478684385996,0.8478784386996,0.84786189048065
92,fake_auckland,4,4,0.84786120125,0.847876917283986,0.847903869938796,0.8530406815580094
93,fake_auckland,4,5,0.84786120125,0.8492095005202134,0.8479123463800947,0.8530406918189307
94,fake_auckland,4,6,0.84786120125,0.8492838863479213,,
95,fake_belem,0,2,0.823979190022,0.8239751862,,0.823979190483
96,fake_belem,0,3,0.823979190022,0.823983425951862,0.824011661703636,0.823979190483
97,fake_belem,0,4,0.823979190022,0.8239916657861215,0.8240199018202531,0.8496939441682851
98,fake_belem,0,5,0.823979190022,0.8429537909234718,0.8240446224997088,0.8496939516382339
99,fake_belem,0,6,0.823979190022,0.8433642158097863,,
100,fake_belem,1,2,0.830382788582,0.8303906562,,0.830382788582
101,fake_belem,1,3,0.830382788582,0.830398960106562,0.830408943606396,0.830383331688208
102,fake_belem,1,4,0.830382788582,0.8304072640961631,0.8304338423892813,0.8508511752304401
103,fake_belem,1,5,0.830382788582,0.8441433966713037,0.8304421399571748,0.8508512088769559
104,fake_belem,1,6,0.830382788582,0.8441892667508004,,
105,fake_belem,2,2,0.836181977166,0.836166116,,0.836182975979
106,fake_belem,2,3,0.836181977166,0.83617447766116,0.83619282752208,0.836182975979
107,fake_belem,2,4,0.836181977166,0.8361828394059366,0.8362095549824704,0.8519319561073921
108,fake_belem,2,5,0.836181977166,0.8463365241864144,0.836226275569658,0.8519319688349226
109,fake_belem,2,6,0.836181977166,0.8465092107781058,,
110,fake_belem,3,2,0.838538181212,0.8385457534,,0.838538181212
111,fake_belem,3,3,0.838538181212,0.838554138857534,0.838562524315068,0.838538181212
112,fake_belem,3,4,0.838538181212,0.8385625243989225,0.8385709099403111,0.8521982470606626
113,fake_belem,3,5,0.838538181212,0.8444132489896249,0.8385960671514656,0.8521982547897912
114,fake_belem,3,6,0.838538181212,0.8447182866839373,,
115,fake_boeblingen,0,2,0.83036174565,0.8303642635,,0.83036174565
116,fake_boeblingen,0,3,0.83036174565,0.8303642635,0.8303742636,0.8303625520389672
117,fake_boeblingen,0,4,0.83036174565,0.8303642635,0.8303742636,0.850457853146345
118,fake_boeblingen,0,5,0.83036174565,0.8303642635,0.8303742636,0.8504579021974377
119,fake_boeblingen,0,6,0.83036174565,0.833754194247206,,
120,fake_boeblingen,1,2,0.806871695264,0.8068640895,,0.806871695264
121,fake_boeblingen,1,3,0.806871695264,0.806872158140895,0.806872158140895,0.806872333560944
122,fake_boeblingen,1,4,0.8274542740455587,0.8274694489501574,0.8068802268624764,0.8433702720730155
123,fake_boeblingen,1,5,0.8274542740455587,0.8378282188516968,0.8068882956647451,0.8433703479891816
124,fake_boeblingen,1,6,0.8274542740455587,0.8389295732887259,,
125,fake_boeblingen,2,2,0.840018270773,0.8400236937,,0.840018270773
126,fake_boeblingen,2,3,0.840018270773,0.8400236937,0.8400336658,0.840018270773
127,fake_boeblingen,2,4,0.840018270773,0.8400236937,0.8400336658,0.8519069904716462
128,fake_boeblingen,2,5,0.840018270773,0.8400236937,0.8400336658,0.8519069989587799
129,fake_boeblingen,2,6,0.840018270773,0.8409685371214868,,
130,fake_boeblingen,3,2,0.825922567737,0.8259170875,,0.82592356649
131,fake_boeblingen,3,3,0.82592356649,0.8259170875,0.8259270874,0.825923908063526
132,fake_boeblingen,3,4,0.8367234775581918,0.8367476494118508,0.8259270874,0.8500537852526464
133,fake_boeblingen,3,5,0.8367234775581918,0.8489781487937845,0.8259270874,0.8500538105412132
134,fake_boeblingen,3,6,0.8367234775581918,0.84951214619778,,
135,fake_boeblingen,4,2,0.82592356649,0.8259170875,,0.82592356649
136,fake_boeblingen,4,3,0.825923567738,0.8259170875,0.825927075,0.825923908063526
137,fake_boeblingen,4,4,0.825923567738,0.8259170875,0.825927075,0.8500537852526464
138,fake_boeblingen,4,5,0.825923567738,0.8342077788283356,0.825927075,0.8500538105412132
139,fake_boeblingen,4,6,0.825923567738,0.8352186255607358,,
140,fake_bogota,0,2,0.829286864497,0.829263387,,0.829286864049
141,fake_bogota,0,3,0.829286864497,0.829263387,0.8292733824,0.829286864049
142,fake_bogota,0,4,0.829286864497,0.829263387,0.8292733824,0.8508548140696245
143,fake_bogota,0,5,0.829286864497,0.829263387,0.8292733824,0.8508548433029345
144,fake_bogota,0,6,0.829286864497,0.829263387,,
145,fake_bogota,1,2,0.826577603296,0.8265596478,,0.82657660427
146,fake_bogota,1,3,0.826577603296,0.8265596478,0.8265596478,0.8265767079688988
147,fake_bogota,1,4,0.826577603296,0.8265596478,0.8265596478,0.850272263807091
148,fake_bogota,1,5,0.826577603296,0.8432798404049562,0.8265596478,0.8502722713312155
149,fake_bogota,1,6,0.826577603296,0.8439828196198852,,
150,fake_bogota,2,2,0.829286864049,0.829263387,,0.829286864049
151,fake_bogota,2,3,0.829286864049,0.829263387,0.829263387,0.829286864049
152,fake_bogota,2,4,0.8302578587327961,0.8302928039091477,0.829263387,0.8508548140696245
153,fake_bogota,2,5,0.8302578587327961,0.8474542111105081,0.829263387,0.8508548433029345
154,fake_bogota,2,6,0.8302578587327961,0.8477458990599276,,
155,fake_bogota,3,2,0.83037382784,0.8303764362,,0.8303748266
156,fake_bogota,3,3,0.83037382784,0.8303764362,0.830386436,0.8303748266
157,fake_bogota,3,4,0.83037382784,0.8303764362,0.830386436,0.8509650615709841
158,fake_bogota,3,5,0.83037382784,0.8423889352014969,0.830386436,0.8509650868814419
159,fake_bogota,3,6,0.83037382784,0.8426067991561242,,
160,fake_brooklyn,0,2,0.828704773903,0.8287006922,,0.8287057721
161,fake_brooklyn,0,3,0.828707772098,0.828708979206922,0.82874212723461,0.8287059673473332
162,fake_brooklyn,0,4,0.828707772098,0.828717266296714,0.8287736832381757,0.8504817783292673
163,fake_brooklyn,0,5,0.828707772098,0.828725553469377,0.8288250035191888,0.8504817912638213
164,fake_brooklyn,0,6,0.828707772098,0.8287338407249117,,
165,fake_brooklyn,1,2,0.84168967808,0.841682432,,0.84168967808
166,fake_brooklyn,1,3,0.84168967808,0.841682432,0.841692416,0.841689949642624
167,fake_brooklyn,1,4,0.84168967808,0.841682432,0.841692416,0.852449074226007
168,fake_brooklyn,1,5,0.84168967808,0.8484273012132579,0.841692416,0.852449082776971
169,fake_brooklyn,1,6,0.84168967808,0.8485294824549733,,
170,fake_brooklyn,2,2,0.843391540287,0.8433943278,,0.843391540875
171,fake_brooklyn,2,3,0.8433925397,0.843402761743278,0.8434464982164,0.843391540875
172,fake_brooklyn,2,4,0.8433925397,0.8434111957708954,0.8434687819030334,0.8527382800972916
173,fake_brooklyn,2,5,0.8433925397,0.8434196298828531,0.8435308449748379,0.8527382809509676
174,fake_brooklyn,2,6,0.8433925397,0.8434280640791519,,
175,fake_brooklyn,3,2,0.83473738036,0.8347247594,,0.83473738036
176,fake_brooklyn,3,3,0.83473738036,0.8347247594,0.8347347592,0.834737679343
177,fake_brooklyn,3,4,0.83473738036,0.8347247594,0.8347347592,0.85105612663555
178,fake_brooklyn,3,5,0.83473738036,0.8347247594,0.8347347592,0.8510561412109713
179,fake_brooklyn,3,6,0.83473738036,0.8347247594,,
180,fake_brooklyn,4,2,0.843368057693,0.8433725208,,0.843369057175
181,fake_brooklyn,4,3,0.843368058212,0.843380954525208,0.843399383250312,0.843369057175
182,fake_brooklyn,4,4,0.843368058212,0.8433893883347533,0.8434078172441445,0.8527812459886173
183,fake_brooklyn,4,5,0.843368058212,0.8496122569519641,0.8434331195630018,0.8527812565784556
184,fake_brooklyn,4,6,0.843368058212,0.8496601206914752,,
185,fake_brooklyn,5,2,0.840188154194,0.8401758488,,0.840188154194
186,fake_brooklyn,5,3,0.840188154194,0.8401758488,0.8401858488,0.840188154194
187,fake_brooklyn,5,4,0.8411400568003211,0.841113702090072,0.8401858488,0.8524759804472881
188,fake_brooklyn,5,5,0.8411400568003211,0.8494348672406312,0.8401858488,0.8524759939864702
189,fake_brooklyn,5,6,0.8411400568003211,0.8495368008475497,,
190,fake_burlington,0,2,0.818502175429,0.8184883775,,0.818502175429
191,fake_burlington,0,3,0.818502175429,0.818496562383775,0.818506562383774,0.818502175429
192,fake_burlington,0,4,0.8313425579459677,0.8313283617565946,0.818506562383774,0.8478978996275862
193,fake_burlington,0,5,0.8313425579459677,0.8463631364836012,0.8185229325968724,0.8478979291382174
194,fake_burlington,0,6,0.8313425579459677,0.8471707099266786,,
195,fake_burlington,1,2,0.818502176613,0.8184883775,,0.818502175429
196,fake_burlington,1,3,0.818502176613,0.818496562383775,0.8184883775,0.818502175429
197,fake_burlington,1,4,0.8225644826918841,0.8225523495167039,0.8185047473493988,0.8478978996275862
198,fake_burlington,1,5,0.8225644826918841,0.8387372880844993,0.8185047473493988,0.8478979291382174
199,fake_burlington,1,6,0.8225644826918841,0.8395159940758314,,
200,fake_burlington,2,2,0.818501177798,0.8184883775,,0.818502175429
201,fake_burlington,2,3,0.81850517069,0.818496562383775,0.8184883775,0.818502175429
202,fake_burlington,2,4,0.8201897347635919,0.8201642057260986,0.8185047473493988,0.8478978996275862
203,fake_burlington,2,5,0.8201897347635919,0.8392945625353033,0.8185047473493988,0.8478979291382174
204,fake_burlington,2,6,0.8201897347635919,0.8400019574217158,,
205,fake_burlington,3,2,0.822425910516,0.822426144,,0.822425910516
206,fake_burlington,3,3,0.82242790605,0.82243436826144,0.822444345961216,0.822426265721052
207,fake_burlington,3,4,0.8259662612805205,0.825987164788346,0.822444345961216,0.8489626041593399
208,fake_burlington,3,5,0.8259662612805205,0.8456996165713516,0.8224607949303797,0.848962633393426
209,fake_burlington,3,6,0.8259662612805205,0.8461906003358707,,
210,fake_cairo,0,2,0.847392096915,0.8474009866,,0.847392096915
211,fake_cairo,0,3,0.847392096915,0.847409460609866,0.84742792621956,0.847392096915
212,fake_cairo,0,4,0.847392096915,0.8474179347044721,0.8474364004988222,0.8531099712957978
213,fake_cairo,0,5,0.847392096915,0.8509385692504362,0.84746182367558,0.8531099793538569
214,fake_cairo,0,6,0.847392096915,0.8509925420740806,,
215,fake_cairo,1,2,0.843294812575,0.8433069002,,0.843294812575
216,fake_cairo,1,3,0.843294812575,0.843315333269002,0.843333753937752,0.843294812575
217,fake_cairo,1,4,0.843294812575,0.8433237664223346,0.8433421872752914,0.8527049662453899
218,fake_cairo,1,5,0.843294812575,0.843332199659999,0.843367487625243,0.8527049768329386
219,fake_cairo,1,6,0.843294812575,0.8433406329819955,,
220,fake_cairo,2,2,0.766063134896,0.7660749374,,0.766064134592
221,fake_cairo,2,3,0.7660641352,0.7660749374,0.766077270350688,0.766064296493504
222,fake_cairo,2,4,0.7660641352,0.7660749374,0.766077270350688,0.8236659843440663
223,fake_cairo,2,5,0.7660641352,0.8034691526970227,0.766077270350688,0.8236660193950134
224,fake_cairo,2,6,0.7660641352,0.805683330162086,,
225,fake_cairo,3,2,0.741087929957,0.741059717,,0.741088915919
226,fake_cairo,3,3,0.74108991592,0.74106712759717,0.741084257788728,0.741088915919
227,fake_cairo,3,4,0.74108991592,0.7410745382684459,0.7410990763641112,0.8022959252015137
228,fake_cairo,3,5,0.74108991592,0.7410819490138286,0.7411139014554733,0.8022959517518747
229,fake_cairo,3,6,0.74108991592,0.7410893598333188,,
230,fake_cairo,4,2,0.844846539525,0.8448416125,,0.844846543
231,fake_cairo,4,3,0.844846539525,0.8448416125,0.844843164083874,0.84484727666534
232,fake_cairo,4,4,0.844846539525,0.8448416125,0.844843164083874,0.8509309145413979
233,fake_cairo,4,5,0.844846539525,0.8448416125,0.844843164083874,0.8509309274844137
234,fake_cairo,4,6,0.844846539525,0.8448416125,,
235,fake_cairo,5,2,0.741087929957,0.741059717,,0.741088915919
236,fake_cairo,5,3,0.741089887842,0.741059717,0.7410697164,0.741088915919
237,fake_cairo,5,4,0.741089887842,0.741059717,0.7410845031307234,0.8022959252015137
238,fake_cairo,5,5,0.741089887842,0.741059717,0.7410845031307234,0.8022959517518747
239,fake_cairo,5,6,0.741089887842,0.741059717,,
240,fake_cairo,6,2,0.847487873128,0.8474894898,,0.847487873128
241,fake_cairo,6,3,0.847487873128,0.847497964694898,0.847506439589796,0.847487873128
242,fake_cairo,6,4,0.847487873128,0.847506439674545,0.8475149146541919,0.8530023536475356
243,fake_cairo,6,5,0.847487873128,0.8475149147389417,0.8475403401863821,0.8530023603693495
244,fake_cairo,6,6,0.847487873128,0.8475233898880891,,
245,fake_cairo,7,2,0.847982301977,0.847988365,,0.84798130275
246,fake_cairo,7,3,0.847982301977,0.84799684488365,0.848006837183572,0.84798199221663
247,fake_cairo,7,4,0.847982301977,0.8480053248520988,0.8480322714798461,0.8531625564175707
248,fake_cairo,7,5,0.847982301977,0.8480138049053474,0.8480407488083771,0.8531625666820051
249,fake_cairo,7,6,0.847982301977,0.8480222850433964,,
250,fake_cairo,8,2,0.841417506995,0.8414111866,,0.841417507886
251,fake_cairo,8,3,0.841420504322,0.841419600711866,0.841429583011688,0.8414176797791396
252,fake_cairo,8,4,0.841420504322,0.8414280149078731,0.8414548219911592,0.8523664681008828
253,fake_cairo,8,5,0.841420504322,0.8414364291880222,0.8414632345444562,0.8523664736132585
254,fake_cairo,8,6,0.841420504322,0.8414448435523141,,
255,fake_cairo,9,2,0.847981302363,0.847988365,,0.84798130275
256,fake_cairo,9,3,0.847981303524,0.847988365,0.847988365,0.84798199221663
257,fake_cairo,9,4,0.847981303524,0.847988365,0.847988365,0.8531625564175707
258,fake_cairo,9,5,0.847981303524,0.847988365,0.847988365,0.8531625666820051
259,fake_cairo,9,6,0.847981303524,0.847988365,,
260,fake_cairo,10,2,0.847392640389,0.8473948942,,0.84739363997
261,fake_cairo,10,3,0.847392641646,0.847403368148942,0.847411846097964,0.84739363997
262,fake_cairo,10,4,0.847392641646,0.8474118421826234,0.847420320216425,0.8531115315188593
263,fake_cairo,10,5,0.847392641646,0.8474203163010453,0.8474457429107727,0.8531115395769425
264,fake_cairo,10,6,0.847392641646,0.8474287905042083,,
265,fake_cairo,11,2,0.847980303136,0.847988365,,0.84798130275
266,fake_cairo,11,3,0.847983301978,0.847988365,0.847989877216428,0.84798199221663
267,fake_cairo,11,4,0.847983301978,0.847988365,0.847989877216428,0.8531625564175707
268,fake_cairo,11,5,0.847983301978,0.8496269560835323,0.847989877216428,0.8531625666820051
269,fake_cairo,11,6,0.847983301978,0.8496520279487518,,
270,fake_cambridge,0,2,0.821712750663,0.8216995325,,0.821712750663
271,fake_cambridge,0,3,0.821713748406,0.821707749495325,0.8217177270951,0.821712750663
272,fake_cambridge,0,4,0.821713748406,0.82171596657282,0.8217177270951,0.8487771805134249
273,fake_cambridge,0,5,0.821713748406,0.8217241837324857,0.8217341615318137,0.8487772083808818
274,fake_cambridge,0,6,0.821713748406,0.821732400974323,,
275,fake_cambridge,1,2,0.838828570724,0.8388262148,,0.838828570724
276,fake_cambridge,1,3,0.838829569008,0.838834603062148,0.8388262148,0.838828570724
277,fake_cambridge,1,4,0.838829569008,0.8388429914081786,0.8388429914081786,0.8521105309023008
278,fake_cambridge,1,5,0.838829569008,0.8392248138071736,0.8388429914081786,0.8521105332502648
279,fake_cambridge,1,6,0.838829569008,0.8393012245027752,,
280,fake_cambridge,2,2,0.74675969829,0.746749546,,0.746758706895
281,fake_cambridge,2,3,0.74675969829,0.74675701349546,0.746749546,0.74675901621024
282,fake_cambridge,2,4,0.806066007935063,0.806041643785548,0.746764481065595,0.8089897141155038
283,fake_cambridge,2,5,0.806066007935063,0.8134959784588277,0.746764481065595,0.8089897921223328
284,fake_cambridge,2,6,0.806066007935063,0.8162783527072365,,
285,fake_cambridge,3,2,0.833573668928,0.8335587075,,0.833572671584
286,fake_cambridge,3,3,0.833573668928,0.8335587075,0.8335687074,0.833572809217472
287,fake_cambridge,3,4,0.833573668928,0.8335587075,0.8335687074,0.8510993845278385
288,fake_cambridge,3,5,0.833573668928,0.8335587075,0.8335687074,0.8510993917593764
289,fake_cambridge,3,6,0.833573668928,0.8335587075,,
290,fake_cambridge,4,2,0.748056482102,0.748043774,,0.748055485501
291,fake_cambridge,4,3,0.748056482102,0.748043774,0.7480462594626,0.748055796440512
292,fake_cambridge,4,4,0.831971719023973,0.83196120940852,0.74805373142924,0.8106132793439802
293,fake_cambridge,4,5,0.831971719023973,0.8415025797641521,0.7626360185263777,0.8106133577604376
294,fake_cambridge,4,6,0.831971719023973,0.8449725246509899,,
295,fake_cambridge,5,2,0.748056482102,0.748043774,,0.748055485501
296,fake_cambridge,5,3,0.748056482102,0.748043774,0.74805374,0.748055796440512
297,fake_cambridge,5,4,0.748056482102,0.748043774,0.74805374,0.8106132793439802
298,fake_cambridge,5,5,0.748056482102,0.748043774,0.74805374,0.8106133577604376
299,fake_cambridge,5,6,0.748056482102,0.748043774,,
300,fake_casablanca,0,2,0.839146328982,0.8391577254,,0.839146329685
301,fake_casablanca,0,3,0.839149326876,0.8391577254,0.8391777114,0.839146341468421
302,fake_casablanca,0,4,0.839149326876,0.8391577254,0.8391777114,0.8522454489479251
303,fake_casablanca,0,5,0.839149326876,0.8439505447792268,0.8391777114,0.8522454494030458
304,fake_casablanca,0,6,0.839149326876,0.8440957754235768,,
305,fake_casablanca,1,2,0.841919576456,0.8419298328,,0.841919576456
306,fake_casablanca,1,3,0.841921572114,0.8419298328,0.8419298328,0.8419201120906072
307,fake_casablanca,1,4,0.841921572114,0.8419298328,0.8419298328,0.8522890709147873
308,fake_casablanca,1,5,0.841921572114,0.8460503634950718,0.8419298328,0.8522890871582711
309,fake_casablanca,1,6,0.841921572114,0.8460740098350422,,
310,fake_casablanca,2,2,0.842166249033,0.8421537896,,0.842166248511
311,fake_casablanca,2,3,0.842166249033,0.8421537896,0.8421637896,0.842166248511
312,fake_casablanca,2,4,0.842166249033,0.8421537896,0.8421637896,0.8526744282417327
313,fake_casablanca,2,5,0.842166249033,0.8491729400769558,0.8421637896,0.8526744413364885
314,fake_casablanca,2,6,0.842166249033,0.8491967578009201,,
315,fake_casablanca,3,2,0.829890740798,0.8298818984,,0.829890740798
316,fake_casablanca,3,3,0.8298927408,0.8298818984,0.8298818984,0.8298910194812008
317,fake_casablanca,3,4,0.8366693546711925,0.836639289861,0.8298818984,0.8506986748766094
318,fake_casablanca,3,5,0.8366693546711925,0.8477856592522744,0.8298818984,0.8506986924544074
319,fake_casablanca,3,6,0.8366693546711925,0.8481481995988736,,
320,fake_essex,0,2,0.83079769718,0.830801354,,0.83079769718
321,fake_essex,0,3,0.830798694024,0.830801354,0.83080304588646,0.83079769718
322,fake_essex,0,4,0.830798694024,0.830801354,0.8308113478,0.8504849750302769
323,fake_essex,0,5,0.830798694024,0.8450555223010815,0.8308113478,0.8504849796044033
324,fake_essex,0,6,0.830798694024,0.8451347588565796,,
325,fake_essex,1,2,0.830798695602,0.830801354,,0.83079769718
326,fake_essex,1,3,0.830798695602,0.83080966201354,0.830801354,0.83079769718
327,fake_essex,1,4,0.830798695602,0.8308179701101601,0.8308179701101601,0.8504849750302769
328,fake_essex,1,5,0.830798695602,0.8417307791052812,0.8308179701101601,0.8504849796044033
329,fake_essex,1,6,0.830798695602,0.8418775543572659,,
330,fake_essex,2,2,0.812933142421,0.8129297261,,0.812933142421
331,fake_essex,2,3,0.812933142421,0.8129297261,0.8129397076,0.812933142421
332,fake_essex,2,4,0.8183895521816655,0.81838755182623,0.8129397076,0.8459071932380517
333,fake_essex,2,5,0.8183895521816655,0.8363157745262081,0.8129397076,0.8459072202604452
334,fake_essex,2,6,0.8183895521816655,0.83732904412782,,
335,fake_essex,3,2,0.82682230605,0.8268086117,,0.82682330486
336,fake_essex,3,3,0.82682430486,0.8268086117,0.826810343413884,0.82682330486
337,fake_essex,3,4,0.82682430486,0.8268086117,0.826818601400102,0.8499309570352342
338,fake_essex,3,5,0.82682430486,0.8367908415263288,0.826818601400102,0.849930984904774
339,fake_essex,3,6,0.82682430486,0.8368098379768653,,
340,fake_geneva,0,2,0.838908136364,0.838904037,,0.838908136364
341,fake_geneva,0,3,0.838908136806,0.83891242604037,0.838922421540324,0.838908422237588
342,fake_geneva,0,4,0.838908136806,0.8389208151646304,0.8389475817030924,0.8525188035398981
343,fake_geneva,0,5,0.838908136806,0.8389292043727821,0.8389559673862768,0.8525188150204385
344,fake_geneva,0,6,0.838908136806,0.8414028995181216,,
345,fake_geneva,1,2,0.825393761408,0.825392073,,0.825393761408
346,fake_geneva,1,3,0.825393761408,0.82540032692073,0.825418577641392,0.825393761408
347,fake_geneva,1,4,0.8377438618375821,0.8377958724154311,0.8254350684321141,0.8500837908104063
348,fake_geneva,1,5,0.8377438618375821,0.846504516742711,0.8254515947146651,0.8500838168566651
349,fake_geneva,1,6,0.8377438618375821,0.8470322796584928,,
350,fake_geneva,2,2,0.753192950035,0.753199645,,0.753192950035
351,fake_geneva,2,3,0.753192950035,0.75320717699645,0.753217177296452,0.753192950035
352,fake_geneva,2,4,0.753192950035,0.75321470906822,0.7532397670891319,0.8146703482390685
353,fake_geneva,2,5,0.753192950035,0.7532222412153107,0.7532472960912214,0.8146704438134513
354,fake_geneva,2,6,0.753192950035,0.7532297734377228,,
355,fake_geneva,3,2,0.763523905065,0.7635104728,,0.763523905065
356,fake_geneva,3,3,0.763524901,0.763518107904728,0.763535722809048,0.763523969999962
357,fake_geneva,3,4,0.8301036920447659,0.8300905333778222,0.7635509591892893,0.8214856056340503
358,fake_geneva,3,5,0.8301036920447659,0.8370070084939962,0.7705209685616619,0.821485619916412
359,fake_geneva,3,6,0.8301036920447659,0.8391266440635431,,
360,fake_geneva,4,2,0.8391163589,0.839106583,,0.83911535944
361,fake_geneva,4,3,0.8391163589,0.839106583,0.8391165776,0.839115909645136
362,fake_geneva,4,4,0.8391163589,0.839106583,0.8391165776,0.8523441148038643
363,fake_geneva,4,5,0.8391163589,0.8503974622483642,0.8391165776,0.8523441362662553
364,fake_geneva,4,6,0.8391163589,0.8504572175079206,,
365,fake_guadalupe,0,2,0.839106413024,0.8391137624,,0.839105414548
366,fake_guadalupe,0,3,0.839106413024,0.8391137624,0.8391237624,0.8391054263300168
367,fake_guadalupe,0,4,0.839106413024,0.8391137624,0.8391237624,0.8522029728225441
368,fake_guadalupe,0,5,0.839106413024,0.8447413306039763,0.8391237624,0.8522029732776106
369,fake_guadalupe,0,6,0.839106413024,0.8463588603625346,,
370,fake_guadalupe,1,2,0.8397487582,0.839750756,,0.83974875776
371,fake_guadalupe,1,3,0.8397487582,0.839750756,0.839752349592528,0.839748994751264
372,fake_guadalupe,1,4,0.8416636873353577,0.84165448724096,0.839752349592528,0.8524795098090592
373,fake_guadalupe,1,5,0.8416636873353577,0.8494427302309497,0.839752349592528,0.8524795186892119
374,fake_guadalupe,1,6,0.8416636873353577,0.8495625215090262,,
375,fake_guadalupe,2,2,0.841632431595,0.8416247576,,0.841633430916
376,fake_guadalupe,2,3,0.841633429558,0.841633173847576,0.841631589895152,0.8416342801611568
377,fake_guadalupe,2,4,0.841633429558,0.8416415901793145,0.8416484281254939,0.852523886767616
378,fake_guadalupe,2,5,0.841633429558,0.8491276051922477,0.8416668339125832,0.8525239138374073
379,fake_guadalupe,2,6,0.841633429558,0.8491850312257769,,
380,fake_guadalupe,3,2,0.838265483152,0.838271845,,0.8382654824
381,fake_guadalupe,3,3,0.838265483152,0.838271845,0.838273462381548,0.8382654824
382,fake_guadalupe,3,4,0.8392033028524785,0.8392414761224326,0.838273462381548,0.8521089494487473
383,fake_guadalupe,3,5,0.8392033028524785,0.846944486573646,0.838273462381548,0.8521089599796131
384,fake_guadalupe,3,6,0.8392033028524785,0.8471258394913729,,
385,fake_guadalupe,4,2,0.842243184256,0.8422505582,,0.842242184768
386,fake_guadalupe,4,3,0.842243184256,0.8422505582,0.842260548,0.842242184768
387,fake_guadalupe,4,4,0.842243184256,0.8422505582,0.842260548,0.852687102272459
388,fake_guadalupe,4,5,0.842243184256,0.8434440293116405,0.842260548,0.8526871044523687
389,fake_guadalupe,4,6,0.842243184256,0.8452201792913494,,
390,fake_guadalupe,5,2,0.841633430237,0.8416247576,,0.841633430916
391,fake_guadalupe,5,3,0.841635429558,0.8416247576,0.8416347576,0.8416342801611568
392,fake_guadalupe,5,4,0.841635429558,0.8416247576,0.8416347576,0.852523886767616
393,fake_guadalupe,5,5,0.841635429558,0.8430615734144101,0.8416347576,0.8525239138374073
394,fake_guadalupe,5,6,0.841635429558,0.8430985859137331,,
395,fake_hanoi,0,2,0.847742757219,0.8477472992,,0.847742757219
396,fake_hanoi,0,3,0.847742757219,0.847755776672992,0.84777425114592,0.847742757219
397,fake_hanoi,0,4,0.847742757219,0.8477642542307587,0.8477912070314069,0.8531935580580423
398,fake_hanoi,0,5,0.847742757219,0.8515313379344934,0.8478081624550755,0.8531935591342348
399,fake_hanoi,0,6,0.847742757219,0.8515907105514733,,
400,fake_hanoi,1,2,0.847779211317,0.8477624578,,0.84777821169
401,fake_hanoi,1,3,0.847779211317,0.8477624578,0.847763979875424,0.847778768874588
402,fake_hanoi,1,4,0.847779211317,0.8477624578,0.847763979875424,0.8531617990633136
403,fake_hanoi,1,5,0.847779211317,0.8477624578,0.847763979875424,0.8531618076875949
404,fake_hanoi,1,6,0.847779211317,0.8477624578,,
405,fake_hanoi,2,2,0.844818893188,0.8448189866,,0.844818893188
406,fake_hanoi,2,3,0.844818894934,0.8448189866,0.8448289692,0.844819150737532
407,fake_hanoi,2,4,0.847086099482107,0.8471390974062752,0.8448289692,0.8526587806836078
408,fake_hanoi,2,5,0.847086099482107,0.8507452796309253,0.8448289692,0.8526587865391252
409,fake_hanoi,2,6,0.847086099482107,0.8508249514499513,,
410,fake_hanoi,3,2,0.848694584336,0.848681777,,0.848694584336
411,fake_hanoi,3,3,0.848694584336,0.848681777,0.848681777,0.848694584336
412,fake_hanoi,3,4,0.848694584336,0.848681777,0.848681777,0.8531979603821196
413,fake_hanoi,3,5,0.848694584336,0.851321364086202,0.848681777,0.8531979616017166
414,fake_hanoi,3,6,0.848694584336,0.8513895261083371,,
415,fake_hanoi,4,2,0.8393223024,0.839315897,,0.839323301725
416,fake_hanoi,4,3,0.83932430105,0.83932429015897,0.839334290058968,0.839323301725
417,fake_hanoi,4,4,0.83932430105,0.8393326834018716,0.8393594609758342,0.8524937689385435
418,fake_hanoi,4,5,0.83932430105,0.8433872341507843,0.8393678499788122,0.8524937824916714
419,fake_hanoi,4,6,0.83932430105,0.8464962856961172,,
420,fake_hanoi,5,2,0.8407074125,0.840704,,0.8407074125
421,fake_hanoi,5,3,0.8407074125,0.84071240704,0.84071082988032,0.840707732789928
422,fake_hanoi,5,4,0.8407074125,0.8407208141640704,0.8407276372922295,0.852358045592511
423,fake_hanoi,5,5,0.8407074125,0.8407292213722121,0.8407460266765227,0.8523580565446586
424,fake_hanoi,5,6,0.8407074125,0.8427275551424565,,
425,fake_hanoi,6,2,0.844861719746,0.8448678858,,0.844861719746
426,fake_hanoi,6,3,0.844861719746,0.8448678858,0.8448678858,0.8448618687959047
427,fake_hanoi,6,4,0.8460199614085379,0.845993068204946,0.8448678858,0.8529045682901956
428,fake_hanoi,6,5,0.8460199614085379,0.8495859860240302,0.8448678858,0.8529045717662659
429,fake_hanoi,6,6,0.8460199614085379,0.8496338731492243,,
430,fake_jakarta,0,2,0.838037946639,0.8380493542,,0.83803894664
431,fake_jakarta,0,3,0.838038948606,0.8380493542,0.838050973806456,0.83803967720162
432,fake_jakarta,0,4,0.838038948606,0.8380493542,0.838050973806456,0.8519391420505635
433,fake_jakarta,0,5,0.838038948606,0.8477668061678215,0.838050973806456,0.8519391720897962
434,fake_jakarta,0,6,0.838038948606,0.8477808102075755,,
435,fake_jakarta,1,2,0.81854081049,0.8185364426,,0.81854081049
436,fake_jakarta,1,3,0.81854081049,0.818544627964426,0.818554616664312,0.81854081049
437,fake_jakarta,1,4,0.81854081049,0.8185528134107056,0.818579167792505,0.8482279831675951
438,fake_jakarta,1,5,0.81854081049,0.8411335753264938,0.8185873507903946,0.8482279921974771
439,fake_jakarta,1,6,0.81854081049,0.8413701421583464,,
440,fake_jakarta,2,2,0.84184847744,0.8418298578,,0.84184847744
441,fake_jakarta,2,3,0.84184847744,0.8418298578,0.841831439201424,0.841848749128832
442,fake_jakarta,2,4,0.84184847744,0.8418298578,0.841831439201424,0.8526128739864627
443,fake_jakarta,2,5,0.84184847744,0.8470986964244098,0.841831439201424,0.8526128825414007
444,fake_jakarta,2,6,0.84184847744,0.8471615613560637,,
445,fake_jakarta,3,2,0.83376959941,0.833762776,,0.833768600215
446,fake_jakarta,3,3,0.83376959941,0.83377111362776,0.8337794552556,0.833768600215
447,fake_jakarta,3,4,0.83376959941,0.8337794513388963,0.8337877930501526,0.8516839714719364
448,fake_jakarta,3,5,0.83376959941,0.8462476971739994,0.8338128067673221,0.8516839748401058
449,fake_jakarta,3,6,0.83376959941,0.8472724309647307,,
450,fake_johannesburg,0,2,0.833872324736,0.8338641839,,0.833871326145
451,fake_johannesburg,0,3,0.833872324736,0.8338641839,0.8338641839,0.833871326145
452,fake_johannesburg,0,4,0.833872324736,0.8338641839,0.8338641839,0.8510973018213174
453,fake_johannesburg,0,5,0.833872324736,0.8338641839,0.8338641839,0.8510973097703664
454,fake_johannesburg,0,6,0.833872324736,0.8338641839,,
455,fake_johannesburg,1,2,0.804389156305,0.8043841591,,0.804389156305
456,fake_johannesburg,1,3,0.804389156305,0.804392202941591,0.8043841591,0.804389237435973
457,fake_johannesburg,1,4,0.804389156305,0.8044002468636204,0.8044002468636204,0.8430238275967608
458,fake_johannesburg,1,5,0.804389156305,0.8078124307108484,0.8044002468636204,0.8430238378942916
459,fake_johannesburg,1,6,0.804389156305,0.8180198970548818,,
460,fake_johannesburg,2,2,0.787630791452,0.7876335997,,0.787630795148
461,fake_johannesburg,2,3,0.78763279515,0.787641476035997,0.787641476035997,0.7876316472035656
462,fake_johannesburg,2,4,0.830220359489394,0.8302512316503352,0.7876592594924537,0.834839809275193
463,fake_johannesburg,2,5,0.830220359489394,0.8399002063274075,0.7893274101624791,0.8348399491213007
464,fake_johannesburg,2,6,0.830220359489394,0.8416446300422886,,
465,fake_johannesburg,3,2,0.807213503592,0.8072010939,,0.807213502288
466,fake_johannesburg,3,3,0.807213503592,0.807209165910939,0.8072110938,0.8072137464498064
467,fake_johannesburg,3,4,0.807213503592,0.8072172380025981,0.807219165910938,0.8442345353101625
468,fake_johannesburg,3,5,0.807213503592,0.8092221178605399,0.8072272381025971,0.8442345647329493
469,fake_johannesburg,3,6,0.807213503592,0.8198129177178212,,
470,fake_johannesburg,4,2,0.804437915405,0.8044305837,,0.804438910188
471,fake_johannesburg,4,3,0.804438910188,0.804438628005837,0.804448602005576,0.8044392508016992
472,fake_johannesburg,4,4,0.8205578480299566,0.8205569291004386,0.8044566530921161,0.8426063081987596
473,fake_johannesburg,4,5,0.8205578480299566,0.8304495505648363,0.804464691058061,0.8426063509009268
474,fake_johannesburg,4,6,0.8205578480299566,0.8315934307407469,,
475,fake_johannesburg,5,2,0.791447787583,0.7914471575,,0.791447788949
476,fake_johannesburg,5,3,0.791447787583,0.791455071971575,0.791465044771302,0.791447788949
477,fake_johannesburg,5,4,0.8231295782227362,0.8231156212751946,0.791465044771302,0.8376032628418375
478,fake_johannesburg,5,5,0.8231295782227362,0.8415987196745257,0.7914808741513439,0.8376032699646341
479,fake_johannesburg,5,6,0.8231295782227362,0.8439903515325899,,
480,fake_kolkata,0,2,0.849574278895,0.8495691254,,0.849575278234
481,fake_kolkata,0,3,0.849575278234,0.849577621091254,0.849576119982576,0.8495756056174564
482,fake_kolkata,0,4,0.849575278234,0.8495861168674649,0.8495931175029199,0.8532614591556956
483,fake_kolkata,0,5,0.849575278234,0.8506603994407487,0.8496116017380845,0.8532614626075679
484,fake_kolkata,0,6,0.849575278234,0.8507054600523635,,
485,fake_kolkata,1,2,0.844981369071,0.8449830678,,0.84498236864
486,fake_kolkata,1,3,0.844984367778,0.844991517630678,0.844999971861444,0.8449832043190232
487,fake_kolkata,1,4,0.8453875548107038,0.8454539414110486,0.8450084218611627,0.8529613424723129
488,fake_kolkata,1,5,0.8453875548107038,0.8487710631459122,0.8450337721983184,0.8529613617984099
489,fake_kolkata,1,6,0.8453875548107038,0.8488679736492919,,
490,fake_kolkata,2,2,0.818379946624,0.8183800521,,0.818380946624
491,fake_kolkata,2,3,0.81838293904,0.818388235900521,0.818396419701042,0.8183818394014336
492,fake_kolkata,2,4,0.81838293904,0.81839641978288,0.818404603665239,0.8464988949558792
493,fake_kolkata,2,5,0.81838293904,0.8211076568352156,0.8184291558851886,0.8464989737993934
494,fake_kolkata,2,6,0.81838293904,0.8214160993953142,,
495,fake_kolkata,3,2,0.838789983632,0.83877876,,0.838790983238
496,fake_kolkata,3,3,0.838790983238,0.83877876,0.83877876,0.838791269012346
497,fake_kolkata,3,4,0.8426354844889631,0.8426665269957201,0.83877876,0.8523969254239424
498,fake_kolkata,3,5,0.8426354844889631,0.8505108224041343,0.83877876,0.8523969369004973
499,fake_kolkata,3,6,0.8426354844889631,0.8506868199102746,,
500,fake_kolkata,4,2,0.848747078326,0.848743651,,0.848746078929
501,fake_kolkata,4,3,0.848747078326,0.848743651,0.848752141636542,0.848746078929
502,fake_kolkata,4,4,0.848747078326,0.848743651,0.848752141636542,0.8532501264831245
503,fake_kolkata,4,5,0.848747078326,0.848743651,0.8487691167642499,0.8532501277029033
504,fake_kolkata,4,6,0.848747078326,0.848743651,,
505,fake_lagos,0,2,0.66816199103,0.6681813234,,0.66816199103
506,fake_lagos,0,3,0.7328068336,0.73282554821784,0.668204681426352,0.7325714336
507,fake_lagos,0,4,0.8288480596356078,0.8288811159567483,0.73258716837262,0.7331768461372595
508,fake_lagos,0,5,0.8288480596356078,0.8383044211738899,0.7326018804877948,0.7457570059079506
509,fake_lagos,0,6,0.8288480596356078,0.8475343010594941,,
510,fake_lagos,1,2,0.75698593929,0.756997605,,0.756984939795
511,fake_lagos,1,3,0.75698593929,0.75700517497605,0.757015164875948,0.7569851024307348
512,fake_lagos,1,4,0.836516442079902,0.8365035566623709,0.7570378694143933,0.8174535502673113
513,fake_lagos,1,5,0.836516442079902,0.8448154114304969,0.7716725959567362,0.8174535885353565
514,fake_lagos,1,6,0.836516442079902,0.8475554171761223,,
515,fake_lagos,2,2,0.841341582645,0.841356735,,0.841341582645
516,fake_lagos,2,3,0.841341582645,0.84136514856735,0.8413735621347,0.841341582645
517,fake_lagos,2,4,0.841341582645,0.8413735622188356,0.8413819758703214,0.852551345008651
518,fake_lagos,2,5,0.841341582645,0.8413819759544579,0.8414072174137348,0.8525513560011035
519,fake_lagos,2,6,0.841341582645,0.8413903897742174,,
520,fake_lima,0,2,0.816638912047,0.8166389346,,0.816638912047
521,fake_lima,0,3,0.816639910478,0.816647100989346,0.816657101289348,0.816638952982671
522,fake_lima,0,4,0.8344491781295337,0.8345005150114715,0.8166815942860917,0.8475731986623087
523,fake_lima,0,5,0.8344491781295337,0.8467479903863662,0.8166897577064531,0.8475732026615396
524,fake_lima,0,6,0.8344491781295337,0.8476498472388291,,
525,fake_lima,1,2,0.841568367032,0.8415638968,,0.841567367755
526,fake_lima,1,3,0.841568367032,0.841572312438968,0.841580724477864,0.8415674081257908
527,fake_lima,1,4,0.841568367032,0.8415807281620924,0.8415891402851088,0.8527192164519797
528,fake_lima,1,5,0.841568367032,0.8497957119107743,0.8416143880434754,0.8527192177700408
529,fake_lima,1,6,0.841568367032,0.849842304871659,,
530,fake_lima,2,2,0.816639911262,0.8166389346,,0.816638912047
531,fake_lima,2,3,0.816639912046,0.8166389346,0.8166489188,0.816638952982671
532,fake_lima,2,4,0.816639912046,0.8166389346,0.8166489188,0.8475731986623087
533,fake_lima,2,5,0.816639912046,0.8372617381755932,0.8166489188,0.8475732026615396
534,fake_lima,2,6,0.816639912046,0.837485136221226,,
535,fake_london,0,2,0.841186152632,0.8411805904,,0.841187151781
536,fake_london,0,3,0.841186152632,0.841189002205904,0.841189002205904,0.841187151781
537,fake_london,0,4,0.841186152632,0.8411974140959261,0.8411973969155343,0.8523703765291952
538,fake_london,0,5,0.841186152632,0.8440084821458339,0.841205826070067,0.8523703822944219
539,fake_london,0,6,0.841186152632,0.8450186255646769,,
540,fake_london,1,2,0.736516940141,0.7365025889,,0.736516940141
541,fake_london,1,3,0.736517940142,0.736509953925889,0.736519946325812,0.736516940141
542,fake_london,1,4,0.8153067342345908,0.8153024642606469,0.7365273075254273,0.8016885559759626
543,fake_london,1,5,0.8153067342345908,0.8368115813924802,0.7479535040666112,0.801688623381815
544,fake_london,1,6,0.8153067342345908,0.8443113931219897,,
545,fake_london,2,2,0.841186152632,0.8411805904,,0.841187151781
546,fake_london,2,3,0.84118815093,0.841189002205904,0.841188993605818,0.841187151781
547,fake_london,2,4,0.84118815093,0.8411974140959261,0.8411974140959261,0.8523703765291952
548,fake_london,2,5,0.84118815093,0.8420513710225827,0.841205817469809,0.8523703822944219
549,fake_london,2,6,0.84118815093,0.8421910427562647,,
550,fake_manhattan,0,2,0.845110348263,0.8451030512,,0.845109349372
551,fake_manhattan,0,3,0.845111347154,0.8451030512,0.8451130456,0.8451103170976008
552,fake_manhattan,0,4,0.845111347154,0.8451030512,0.8451130456,0.8528890981711537
553,fake_manhattan,0,5,0.845111347154,0.8489792751291856,0.8451130456,0.852889119983766
554,fake_manhattan,0,6,0.845111347154,0.8491258870927731,,
555,fake_manhattan,1,2,0.832868854458,0.8328600536,,0.832868852499
556,fake_manhattan,1,3,0.832868854458,0.8328600536,0.832861724899464,0.832868852499
557,fake_manhattan,1,4,0.832868854458,0.8328600536,0.832861724899464,0.8506095813863245
558,fake_manhattan,1,5,0.832868854458,0.8328600536,0.832861724899464,0.8506096000844827
559,fake_manhattan,1,6,0.832868854458,0.8328600536,,
560,fake_manhattan,2,2,0.84273780818,0.8427357488,,0.84273780818
561,fake_manhattan,2,3,0.84273780818,0.8427357488,0.842737306942656,0.8427380310599312
562,fake_manhattan,2,4,0.84273780818,0.8427357488,0.842737306942656,0.8525998590764039
563,fake_manhattan,2,5,0.84273780818,0.8467826116111274,0.842737306942656,0.8525998654894797
564,fake_manhattan,2,6,0.84273780818,0.8468547694771026,,
565,fake_manhattan,3,2,0.83282017177,0.8328233384,,0.83282017177
566,fake_manhattan,3,3,0.83282017177,0.8328233384,0.8328233384,0.8328208818811528
567,fake_manhattan,3,4,0.8418799766922727,0.8418924330703663,0.8328233384,0.8513137007489548
568,fake_manhattan,3,5,0.8418799766922727,0.8459845442970331,0.8328233384,0.8513137402056278
569,fake_manhattan,3,6,0.8418799766922727,0.8461948243017302,,
570,fake_manhattan,4,2,0.832821171771,0.8328233384,,0.83282017177
571,fake_manhattan,4,3,0.832821171771,0.832831666633384,0.832849979866464,0.8328208818811528
572,fake_manhattan,4,4,0.832821171771,0.8328399949500503,0.8328666356797894,0.8513137007489548
573,fake_manhattan,4,5,0.832821171771,0.8328483233499998,0.8328832941987987,0.8513137402056278
574,fake_manhattan,4,6,0.832821171771,0.8328566518332333,,
575,fake_manhattan,5,2,0.832704859756,0.8326965488,,0.832704858712
576,fake_manhattan,5,3,0.832704859756,0.832704875765488,0.832713202730976,0.832704858712
577,fake_manhattan,5,4,0.832704859756,0.8327132028142457,0.8327215298630033,0.8511280367034544
578,fake_manhattan,5,5,0.832704859756,0.8327215299462738,0.8327465115921705,0.8511280510986521
579,fake_manhattan,5,6,0.832704859756,0.8327298571615732,,
580,fake_manila,0,2,0.843080820968,0.8430847018,,0.843079821392
581,fake_manila,0,3,0.843080820968,0.8430847018,0.8430847018,0.843079821392
582,fake_manila,0,4,0.843080820968,0.8430847018,0.8430847018,0.8528179120613492
583,fake_manila,0,5,0.843080820968,0.8430847018,0.8430847018,0.8528179166898985
584,fake_manila,0,6,0.843080820968,0.8447150491867172,,
585,fake_manila,1,2,0.837537909376,0.8375458494,,0.837537909376
586,fake_manila,1,3,0.837537909376,0.8375458494,0.8375458494,0.8375382436510336
587,fake_manila,1,4,0.837537909376,0.8375458494,0.8375458494,0.8519986309682708
588,fake_manila,1,5,0.837537909376,0.8375458494,0.8375458494,0.8519986452888739
589,fake_manila,1,6,0.837537909376,0.8418385239314147,,
590,fake_manila,2,2,0.839920831878,0.8399166462,,0.839919832585
591,fake_manila,2,3,0.839920831878,0.839925045366462,0.839933444532924,0.839919832585
592,fake_manila,2,4,0.8402799219695107,0.8402591376478679,0.8399418438673694,0.8523294634153737
593,fake_manila,2,5,0.8402799219695107,0.849832256642685,0.8399670422066787,0.8523294665433347
594,fake_manila,2,6,0.8402799219695107,0.8499241680422017,,
595,fake_melbourne,0,2,0.823623485237,0.8236168566,,0.823623486575
596,fake_melbourne,0,3,0.823623485237,0.8236168566,0.823618620131436,0.823623486575
597,fake_melbourne,0,4,0.823623485237,0.8236168566,0.823618620131436,0.8491319052525653
598,fake_melbourne,0,5,0.823623485237,0.8428602958380242,0.823618620131436,0.849131907477249
599,fake_melbourne,0,6,0.823623485237,0.8431417695840661,,
600,fake_melbourne,1,2,0.793004795906,0.7930143703,,0.793003799059
601,fake_melbourne,1,3,0.793004795906,0.7930143703,0.7930143703,0.793003999784986
602,fake_melbourne,1,4,0.8216509034553616,0.8216923580414591,0.7930143703,0.837605547974345
603,fake_melbourne,1,5,0.8216509034553616,0.836308437554105,0.7930143703,0.8376055785292561
604,fake_melbourne,1,6,0.8216509034553616,0.838329615188974,,
605,fake_melbourne,2,2,0.809204345235,0.809169363,,0.809205339674
606,fake_melbourne,2,3,0.809206339674,0.809169363,0.809187454193624,0.809205339674
607,fake_melbourne,2,4,0.809206339674,0.809169363,0.809187454193624,0.842882747089791
608,fake_melbourne,2,5,0.809206339674,0.809169363,0.8092036380236266,0.8428827862304895
609,fake_melbourne,2,6,0.809206339674,0.809169363,,
610,fake_melbourne,3,2,0.823623486575,0.8236168566,,0.823623486575
611,fake_melbourne,3,3,0.8236244839,0.8236168566,0.82362683,0.823623486575
612,fake_melbourne,3,4,0.8236244839,0.8236168566,0.82362683,0.8491319052525653
613,fake_melbourne,3,5,0.8236244839,0.8236168566,0.82362683,0.849131907477249
614,fake_melbourne,3,6,0.8236244839,0.8236168566,,
615,fake_melbourne,4,2,0.831334671452,0.8313197168,,0.83133367448
616,fake_melbourne,4,3,0.831334671452,0.8313197168,0.8313297168,0.83133443217872
617,fake_melbourne,4,4,0.831334671452,0.8313197168,0.8313463103322489,0.850618052033456
618,fake_melbourne,4,5,0.831334671452,0.8313197168,0.8313463103322489,0.8506180961315215
619,fake_melbourne,4,6,0.831334671452,0.8313197168,,
620,fake_melbourne,5,2,0.826992987957,0.8269801938,,0.82699199197
621,fake_melbourne,5,3,0.826992987957,0.8269801938,0.8269901536,0.8269922353892228
622,fake_melbourne,5,4,0.826992987957,0.8269801938,0.8269901536,0.8495060019936991
623,fake_melbourne,5,5,0.826992987957,0.8417695440442832,0.8269901536,0.8495060187533608
624,fake_melbourne,5,6,0.826992987957,0.8421448869304355,,
625,fake_montreal,0,2,0.825262782065,0.825247005,,0.825261782064
626,fake_montreal,0,3,0.825262782065,0.825247005,0.825247005,0.8252623047967824
627,fake_montreal,0,4,0.825262782065,0.825247005,0.825247005,0.8500028748720883
628,fake_montreal,0,5,0.825262782065,0.8374202698216766,0.825247005,0.8500029146330673
629,fake_montreal,0,6,0.825262782065,0.840899303352814,,
630,fake_montreal,1,2,0.830106516758,0.8300961786,,0.830106516758
631,fake_montreal,1,3,0.830106516758,0.8300961786,0.8301061784,0.830106516758
632,fake_montreal,1,4,0.8449400318398144,0.844904842949202,0.8301061784,0.8509891579189732
633,fake_montreal,1,5,0.8449400318398144,0.8495152253525724,0.8301061784,0.8509891694907646
634,fake_montreal,1,6,0.8449400318398144,0.8497678061004161,,
635,fake_montreal,2,2,0.827291464484,0.827285504,,0.82729246289
636,fake_montreal,2,3,0.827291464484,0.827285504,0.827295488,0.82729246289
637,fake_montreal,2,4,0.827291464484,0.827285504,0.827295488,0.8502513979946201
638,fake_montreal,2,5,0.827291464484,0.835546226044823,0.827295488,0.8502514210512155
639,fake_montreal,2,6,0.827291464484,0.8360780260074357,,
640,fake_montreal,3,2,0.846317044512,0.8463249656,,0.846317044512
641,fake_montreal,3,3,0.8463170454,0.8463249656,0.84632497,0.8463173858090008
642,fake_montreal,3,4,0.8463170454,0.8463249656,0.84632497,0.8530386695995661
643,fake_montreal,3,5,0.8463170454,0.8496252184956444,0.84632497,0.853038676223431
644,fake_montreal,3,6,0.8463170454,0.8496518478982561,,
645,fake_montreal,4,2,0.837431917956,0.837437667,,0.837431917956
646,fake_montreal,4,3,0.837433917958,0.837437667,0.83743927352352,0.8374322521255716
647,fake_montreal,4,4,0.837433917958,0.837437667,0.83743927352352,0.8518880772673126
648,fake_montreal,4,5,0.837433917958,0.8399719853518324,0.83743927352352,0.8518880915833977
649,fake_montreal,4,6,0.837433917958,0.8445345023697183,,
650,fake_montreal,5,2,0.846317044956,0.8463249656,,0.846317044512
651,fake_montreal,5,3,0.846317044956,0.846333428849656,0.846343420149568,0.8463173858090008
652,fake_montreal,5,4,0.846317044956,0.8463418921839445,0.8463688053426289,0.8530386695995661
653,fake_montreal,5,5,0.846317044956,0.8503858435722466,0.8463772664355673,0.853038676223431
654,fake_montreal,5,6,0.846317044956,0.8504441010111307,,
655,fake_mumbai,0,2,0.841050815458,0.8410454378,,0.841050815955
656,fake_mumbai,0,3,0.841050815458,0.8410454378,0.841055428,0.841050815955
657,fake_mumbai,0,4,0.841050815458,0.8410454378,0.841055428,0.8525809650033117
658,fake_mumbai,0,5,0.841050815458,0.8413996261246955,0.841055428,0.8525809687725661
659,fake_mumbai,0,6,0.841050815458,0.8467572750629706,,
660,fake_mumbai,1,2,0.838675919543,0.8386728848,,0.83867492042
661,fake_mumbai,1,3,0.838675919543,0.8386728848,0.8386828672,0.8386753380861264
662,fake_mumbai,1,4,0.838675919543,0.8386728848,0.8386828672,0.852081419042038
663,fake_mumbai,1,5,0.838675919543,0.8386728848,0.8386828672,0.8520814355749006
664,fake_mumbai,1,6,0.838675919543,0.8386728848,,
665,fake_mumbai,2,2,0.831941710559,0.8319408918,,0.831942710173
666,fake_mumbai,2,3,0.831941710946,0.831949211208918,0.83195920350884,0.831942710173
667,fake_mumbai,2,4,0.8380240695343146,0.8380373019253403,0.8319841587715239,0.8513859297854445
668,fake_mumbai,2,5,0.8380240695343146,0.8500876148616824,0.8319924768157384,0.851385947379755
669,fake_mumbai,2,6,0.8380240695343146,0.8504017623336074,,
670,fake_mumbai,3,2,0.826919705067,0.8269006818,,0.82691870568
671,fake_mumbai,3,3,0.826919705067,0.8269006818,0.8269106696,0.8269189985205369
672,fake_mumbai,3,4,0.8405896467959982,0.8405982532586131,0.8269106696,0.8502764181306228
673,fake_mumbai,3,5,0.8405896467959982,0.8496283578570398,0.8269106696,0.8502764390532533
674,fake_mumbai,3,6,0.8405896467959982,0.8501019529436166,,
675,fake_mumbai,4,2,0.840980727423,0.8409655162,,0.840981726926
676,fake_mumbai,4,3,0.840982726926,0.8409655162,0.840975516,0.840981726926
677,fake_mumbai,4,4,0.840982726926,0.8409655162,0.840975516,0.8525746569637335
678,fake_mumbai,4,5,0.840982726926,0.8415821357257288,0.840975516,0.8525746728232164
679,fake_mumbai,4,6,0.840982726926,0.8469394673803535,,
680,fake_nairobi,0,2,0.83723373488,0.8372327802,,0.83723373488
681,fake_nairobi,0,3,0.83723373488,0.8372327802,0.837236018744724,0.83723373488
682,fake_nairobi,0,4,0.83723373488,0.8372327802,0.837236018744724,0.8519384904845326
683,fake_nairobi,0,5,0.83723373488,0.8489378468577965,0.837236018744724,0.8519385005801267
684,fake_nairobi,0,6,0.83723373488,0.8490533206989078,,
685,fake_nairobi,1,2,0.839889697375,0.8398910946,,0.839889697375
686,fake_nairobi,1,3,0.83989069525,0.839899493510946,0.839917871221464,0.839889697375
687,fake_nairobi,1,4,0.83989069525,0.8399078925058812,0.8399346743931927,0.8521019512968822
688,fake_nairobi,1,5,0.83989069525,0.8485662169055778,0.83995146827228,0.8521019520103742
689,fake_nairobi,1,6,0.83989069525,0.8486308501691091,,
690,fake_nairobi,2,2,0.837232735696,0.8372327802,,0.83723373488
691,fake_nairobi,2,3,0.837232736512,0.837241152527802,0.83725113642764,0.83723373488
692,fake_nairobi,2,4,0.837232736512,0.8372495249393272,0.8372762372864267,0.8519384904845326
693,fake_nairobi,2,5,0.837232736512,0.8460431124238595,0.8372846016902273,0.8519385005801267
694,fake_nairobi,2,6,0.837232736512,0.8460677622184979,,
695,fake_nairobi,3,2,0.81204612093,0.8120462026,,0.812045122515
696,fake_nairobi,3,3,0.81204612093,0.8120462026,0.8120462026,0.812045122515
697,fake_nairobi,3,4,0.8350588015838383,0.8351145111991515,0.8120462026,0.8461428240130391
698,fake_nairobi,3,5,0.8350588015838383,0.8471546005658444,0.8120462026,0.8461428320863505
699,fake_nairobi,3,6,0.8350588015838383,0.8482420394382568,,
700,fake_oslo,0,2,0.846060741293,0.846067899,,0.846060741293
701,fake_oslo,0,3,0.846060741293,0.846067899,0.846067899,0.846060741293
702,fake_oslo,0,4,0.846060741293,0.846067899,0.846067899,0.8528445700418817
703,fake_oslo,0,5,0.846060741293,0.8495155748212906,0.846067899,0.8528445734618373
704,fake_oslo,0,6,0.846060741293,0.8495737976500498,,
705,fake_oslo,1,2,0.843031399926,0.843017884,,0.843031399926
706,fake_oslo,1,3,0.843031399926,0.843017884,0.843027872,0.8430317551003468
707,fake_oslo,1,4,0.843031399926,0.843017884,0.843027872,0.8527021460607787
708,fake_oslo,1,5,0.843031399926,0.8484118938090277,0.843027872,0.8527021560735057
709,fake_oslo,1,6,0.843031399926,0.8484233922392149,,
710,fake_oslo,2,2,0.846060741293,0.846067899,,0.846060741293
711,fake_oslo,2,3,0.846061739874,0.84607635967899,0.84608482035798,0.846060741293
712,fake_oslo,2,4,0.846061739874,0.8460848204425868,0.8460932812061835,0.8528445700418817
713,fake_oslo,2,5,0.846061739874,0.8475862111105661,0.8461186640892282,0.8528445734618373
714,fake_oslo,2,6,0.846061739874,0.8479742567517956,,
715,fake_ourense,0,2,0.832243863775,0.8322375416,,0.8322448631
716,fake_ourense,0,3,0.8322448631,0.8322375416,0.832247528,0.8322451766761
717,fake_ourense,0,4,0.839812669300921,0.839807281315408,0.832247528,0.8512693514147744
718,fake_ourense,0,5,0.839812669300921,0.8496728864360295,0.832247528,0.8512693693699851
719,fake_ourense,0,6,0.839812669300921,0.8499728530393548,,
720,fake_ourense,1,2,0.83224386445,0.8322375416,,0.8322448631
721,fake_ourense,1,3,0.8322448631,0.8322375416,0.8322375416,0.8322451766761
722,fake_ourense,1,4,0.8322448631,0.8322375416,0.8322375416,0.8512693514147744
723,fake_ourense,1,5,0.8322448631,0.8466743044306032,0.8322375416,0.8512693693699851
724,fake_ourense,1,6,0.8322448631,0.8467235084629428,,
725,fake_ourense,2,2,0.814449721405,0.814462379,,0.814449721405
726,fake_ourense,2,3,0.814449721405,0.814462379,0.814462387,0.8144497337855195
727,fake_ourense,2,4,0.82807027532029,0.8280960886575778,0.814462387,0.8469128451188581
728,fake_ourense,2,5,0.82807027532029,0.8473080343849728,0.814462387,0.8469128463969943
729,fake_ourense,2,6,0.82807027532029,0.8483081110713191,,
730,fake_paris,0,2,0.829577539279,0.829577077,,0.829576539824
731,fake_paris,0,3,0.829578538734,0.82958537277077,0.82959366854154,0.8295771319772552
732,fake_paris,0,4,0.8405019246133101,0.8404759884509805,0.8296019644782254,0.8508574877435263
733,fake_paris,0,5,0.8405019246133101,0.8488549412127389,0.8296268526201191,0.8508575259781987
734,fake_paris,0,6,0.8405019246133101,0.8492294942003951,,
735,fake_paris,1,2,0.840455232183,0.840468545,,0.840456231434
736,fake_paris,1,3,0.840457229936,0.84047694968545,0.840493766656578,0.840456231434
737,fake_paris,1,4,0.840457229936,0.8404853544549469,0.840528937935016,0.8523602468975418
738,fake_paris,1,5,0.840457229936,0.8404937593084914,0.8405441970390218,0.8523602553955948
739,fake_paris,1,6,0.840457229936,0.8405021642460845,,
740,fake_paris,2,2,0.839693365921,0.8396833226,,0.839694365194
741,fake_paris,2,3,0.839693365921,0.8396833226,0.8396833226,0.839694365194
742,fake_paris,2,4,0.8404359019375388,0.84041721413066,0.8396833226,0.8522918247910949
743,fake_paris,2,5,0.8404359019375388,0.8464958011622357,0.8396833226,0.8522918304087973
744,fake_paris,2,6,0.8404359019375388,0.8466184110241519,,
745,fake_paris,3,2,0.843958563961,0.843953667,,0.843957564547
746,fake_paris,3,3,0.843958563961,0.843953667,0.8439636552,0.843957564547
747,fake_paris,3,4,0.843958563961,0.843953667,0.8439636552,0.8527838131807991
748,fake_paris,3,5,0.843958563961,0.8468963664681387,0.8439636552,0.852783818025228
749,fake_paris,3,6,0.843958563961,0.8469444429893109,,
750,fake_paris,4,2,0.84178002944,0.8417814118,,0.84178002944
751,fake_paris,4,3,0.84178002944,0.8417814118,0.8417814118,0.841780301074432
752,fake_paris,4,4,0.84178002944,0.8417814118,0.8417814118,0.8525422706414387
753,fake_paris,4,5,0.84178002944,0.8417814118,0.8417814118,0.8525422791946637
754,fake_paris,4,6,0.84178002944,0.8417814118,,
755,fake_paris,5,2,0.841984527573,0.8419798883,,0.841984527573
756,fake_paris,5,3,0.841984527573,0.8419798883,0.84198139510185,0.841984527573
757,fake_paris,5,4,0.841984527573,0.8419798883,0.84198139510185,0.8506263328182849
758,fake_paris,5,5,0.841984527573,0.8419798883,0.84198139510185,0.850626344820195
759,fake_paris,5,6,0.841984527573,0.8419798883,,
760,fake_perth,0,2,0.832606379015,0.832613713,,0.832605379678
761,fake_perth,0,3,0.832606379015,0.832613713,0.832613713,0.832605379678
762,fake_perth,0,4,0.8329966870730964,0.832988708413652,0.832613713,0.8513369755488296
763,fake_perth,0,5,0.8329966870730964,0.8493494836555083,0.832613713,0.8513369776298325
764,fake_perth,0,6,0.8329966870730964,0.8494745354562022,,
765,fake_perth,1,2,0.831201357213,0.8312027202,,0.83120235635
766,fake_perth,1,3,0.831201358076,0.831211032227202,0.831221032527204,0.83120235635
767,fake_perth,1,4,0.831201358076,0.8312193443375243,0.8312459584467012,0.8509751745871491
768,fake_perth,1,5,0.831201358076,0.8419007388459164,0.8312542655176198,0.8509752003580477
769,fake_perth,1,6,0.831201358076,0.8422513856217902,,
770,fake_perth,2,2,0.829974841612,0.829961216,,0.829975840816
771,fake_perth,2,3,0.829975840816,0.829961216,0.829961216,0.8299761195715136
772,fake_perth,2,4,0.8315176763518685,0.83150654519808,0.829961216,0.8507891741435456
773,fake_perth,2,5,0.8315176763518685,0.8476702457265362,0.829961216,0.8507891917259046
774,fake_perth,2,6,0.8315176763518685,0.8479192398491924,,
775,fake_perth,3,2,0.832605379678,0.832613713,,0.832605379678
776,fake_perth,3,3,0.8326083757,0.83262203913713,0.832640358874128,0.832605379678
777,fake_perth,3,4,0.8326083757,0.8326303653575213,0.8326486852777167,0.8513369755488296
778,fake_perth,3,5,0.8326083757,0.8461141344680038,0.8326736648215392,0.8513369776298325
779,fake_perth,3,6,0.8326083757,0.8465200663028651,,
780,fake_poughkeepsie,0,2,0.822890735955,0.8228831655,,0.822890735955
781,fake_poughkeepsie,0,3,0.822891732976,0.8228831655,0.822894921468495,0.822890735955
782,fake_poughkeepsie,0,4,0.822891732976,0.8228831655,0.822894921468495,0.8488739083692788
783,fake_poughkeepsie,0,5,0.822891732976,0.8422901572442277,0.822894921468495,0.8488739265017726
784,fake_poughkeepsie,0,6,0.822891732976,0.8425531572488485,,
785,fake_poughkeepsie,1,2,0.817329955856,0.8173163413,,0.817329955856
786,fake_poughkeepsie,1,3,0.817329955856,0.8173163413,0.8173163413,0.8173305542192
787,fake_poughkeepsie,1,4,0.8284853361418631,0.828484469646816,0.8173163413,0.84747690002552
788,fake_poughkeepsie,1,5,0.8284853361418631,0.84116500013427,0.8173163413,0.847476956870024
789,fake_poughkeepsie,1,6,0.8284853361418631,0.8419824742510744,,
790,fake_poughkeepsie,2,2,0.834388253125,0.8343870959,,0.8343892487
791,fake_poughkeepsie,2,3,0.834391248698,0.8343870959,0.8343970516,0.8343895473725
792,fake_poughkeepsie,2,4,0.834391248698,0.8343870959,0.8343970516,0.850691047621625
793,fake_poughkeepsie,2,5,0.834391248698,0.8343870959,0.8343970516,0.8506910621819094
794,fake_poughkeepsie,2,6,0.834391248698,0.8343870959,,
795,fake_poughkeepsie,3,2,0.822500814535,0.8224980685,,0.822500814535
796,fake_poughkeepsie,3,3,0.822500814535,0.8224980685,0.8224980685,0.822500814535
797,fake_poughkeepsie,3,4,0.822500814535,0.8224980685,0.8224980685,0.8484526097369766
798,fake_poughkeepsie,3,5,0.822500814535,0.8224980685,0.8224980685,0.8484526278475737
799,fake_poughkeepsie,3,6,0.822500814535,0.8224980685,,
800,fake_poughkeepsie,4,2,0.82355373499,0.8235456495,,0.82355373499
801,fake_poughkeepsie,4,3,0.82355373499,0.8235456495,0.8235456651,0.82355430521394
802,fake_poughkeepsie,4,4,0.8305719301486906,0.830575952698457,0.8235456651,0.8489979631450836
803,fake_poughkeepsie,4,5,0.8305719301486906,0.8435923370454709,0.8235456651,0.8489980079863538
804,fake_poughkeepsie,4,6,0.8305719301486906,0.844159693258096,,
805,fake_quito,0,2,0.834873037118,0.8348618327,,0.834872041741
806,fake_quito,0,3,0.834873037118,0.8348618327,0.8348618791,0.834872041741
807,fake_quito,0,4,0.834873037118,0.8348618327,0.8348618791,0.8492819049952027
808,fake_quito,0,5,0.834873037118,0.8415111309036631,0.8348618791,0.8492819120724605
809,fake_quito,0,6,0.834873037118,0.8421594416276122,,
810,fake_quito,1,2,0.834872041741,0.8348618327,,0.834872041741
811,fake_quito,1,3,0.834872041741,0.8348618327,0.8348618327,0.834872041741
812,fake_quito,1,4,0.834872041741,0.8348618327,0.8348618327,0.8492819049952027
813,fake_quito,1,5,0.834872041741,0.8348618327,0.8348618327,0.8492819120724605
814,fake_quito,1,6,0.834872041741,0.8348618327,,
815,fake_quito,2,2,0.829761431715,0.8297629742,,0.829761431715
816,fake_quito,2,3,0.82976242607,0.8297629742,0.829764619870824,0.829761431715
817,fake_quito,2,4,0.82976242607,0.8297629742,0.829764619870824,0.8495725245850437
818,fake_quito,2,5,0.82976242607,0.8344923160477844,0.829764619870824,0.8495725331277008
819,fake_quito,2,6,0.82976242607,0.8348978930631985,,
820,fake_rochester,0,2,0.666976607336,0.6669638214,,0.666976607336
821,fake_rochester,0,3,0.732504494498,0.7325223751005,0.666970491038214,0.7317504
822,fake_rochester,0,4,0.8218483116879461,0.8218582695517269,0.731769440036,0.7317509
823,fake_rochester,0,5,0.8218483116879461,0.8250017670240738,0.731769440036,0.73633954802
824,fake_rochester,0,6,0.8218483116879461,0.8282634358762829,,
825,fake_rochester,1,2,0.717974333646,0.717972464,,0.717974335444
826,fake_rochester,1,3,0.717975331848,0.71797964372464,0.71798962582446,0.71797487101115
827,fake_rochester,1,4,0.717975331848,0.7179868235210772,0.71798962582446,0.7852361312783327
828,fake_rochester,1,5,0.717975331848,0.7179940033893124,0.7180039856887754,0.7852362965405476
829,fake_rochester,1,6,0.717975331848,0.7180011833293464,,
830,fake_rochester,2,2,0.78555760003,0.7855515482,,0.78555760003
831,fake_rochester,2,3,0.78555760003,0.785559403715482,0.7855615185,0.785558221320625
832,fake_rochester,2,4,0.78555760003,0.7855672593095192,0.7855615185,0.8340806191772852
833,fake_rochester,2,5,0.78555760003,0.7960421159588902,0.7855615185,0.8340807247481531
834,fake_rochester,2,6,0.78555760003,0.8070311150535296,,
835,fake_rochester,3,2,0.793118608312,0.7931193758,,0.793117610377
836,fake_rochester,3,3,0.793118608312,0.793127306993758,0.7931193758,0.793117610377
837,fake_rochester,3,4,0.8344311955485685,0.8343963986533804,0.793135238266828,0.8381027159278427
838,fake_rochester,3,5,0.8344311955485685,0.8400293302014689,0.7942416910179513,0.8381027256712577
839,fake_rochester,3,6,0.8344311955485685,0.8410349239447604,,
840,fake_rochester,4,2,0.779274555621,0.7792688114,,0.779274555621
841,fake_rochester,4,3,0.77927555562,0.779276604088114,0.779286587887951,0.779274555621
842,fake_rochester,4,4,0.77927555562,0.7792843968541548,0.779286587887951,0.8312116146646441
843,fake_rochester,4,5,0.77927555562,0.7792921896981234,0.7793021736976374,0.8312116376034309
844,fake_rochester,4,6,0.77927555562,0.7792999826200204,,
845,fake_rochester,5,2,0.706617805195,0.7066220995,,0.706617803621
846,fake_rochester,5,3,0.706617805195,0.706629165720995,0.7066220995,0.7066178360186575
847,fake_rochester,5,4,0.706619218431317,0.7066362320126522,0.7066262657133292,0.7744207622957365
848,fake_rochester,5,5,0.706619218431317,0.7066432983749723,0.7066361980119722,0.774420772927205
849,fake_rochester,5,6,0.7066206316704605,0.7066503648079561,,
850,fake_rome,0,2,0.831920782088,0.8319244392,,0.831920782088
851,fake_rome,0,3,0.831921782088,0.831932758444392,0.831942758544392,0.8319208913733488
852,fake_rome,0,4,0.831921782088,0.8319410777719765,0.8319677121113978,0.8513010753594873
853,fake_rome,0,5,0.831921782088,0.8481794196882777,0.8319760293907263,0.8513010817404381
854,fake_rome,0,6,0.831921782088,0.8481879014824746,,
855,fake_rome,1,2,0.83632618136,0.8363152298,,0.83632618136
856,fake_rome,1,3,0.836327179968,0.836323592952298,0.836333592852296,0.83632618136
857,fake_rome,1,4,0.836327179968,0.8363319561882275,0.836358676545762,0.8518898086246302
858,fake_rome,1,5,0.836327179968,0.8482350271206892,0.8363670369365582,0.8518898181489652
859,fake_rome,1,6,0.836327179968,0.8483272547928502,,
860,fake_rome,2,2,0.831920782088,0.8319244392,,0.831920782088
861,fake_rome,2,3,0.83192178104,0.831932758444392,0.831942748144288,0.8319208913733488
862,fake_rome,2,4,0.83192178104,0.8319410777719765,0.8319677001184997,0.8513010753594873
863,fake_rome,2,5,0.83192178104,0.843821321662771,0.8319760166027916,0.8513010817404381
864,fake_rome,2,6,0.83192178104,0.844122384217596,,
865,fake_santiago,0,2,0.843863888777,0.843857797,,0.843863888777
866,fake_santiago,0,3,0.84386488795,0.843857797,0.843857797,0.843863888777
867,fake_santiago,0,4,0.84386488795,0.843857797,0.843857797,0.8528885197966113
868,fake_santiago,0,5,0.84386488795,0.8498415326948174,0.843857797,0.85288852648124
869,fake_santiago,0,6,0.84386488795,0.8498524387783276,,
870,fake_santiago,1,2,0.84227074633,0.8422465426,,0.842271745595
871,fake_santiago,1,3,0.842272745596,0.8422465426,0.8422565352,0.842271745595
872,fake_santiago,1,4,0.842272745596,0.8422465426,0.8422565352,0.852783165224304
873,fake_santiago,1,5,0.842272745596,0.8500146638104196,0.8422565352,0.8527831783230972
874,fake_santiago,1,6,0.842272745596,0.8500556805247694,,
875,fake_santiago,2,2,0.843144844696,0.8431333758,,0.843143845027
876,fake_santiago,2,3,0.843144844696,0.8431333758,0.8431433692,0.843143845027
877,fake_santiago,2,4,0.843144844696,0.8431333758,0.8431433692,0.8528837387721312
878,fake_santiago,2,5,0.843144844696,0.8494501867816686,0.8431433692,0.8528837434015376
879,fake_santiago,2,6,0.843144844696,0.8494946031019446,,
880,fake_santiago,3,2,0.846519102964,0.8465203256,,0.84651810332
881,fake_santiago,3,3,0.846519102964,0.8465203256,0.8465203256,0.84651810332
882,fake_santiago,3,4,0.846519102964,0.8465203256,0.8465203256,0.8531071632418713
883,fake_santiago,3,5,0.846519102964,0.8504442211718106,0.8465203256,0.8531071653093042
884,fake_santiago,3,6,0.846519102964,0.8505090159749009,,
885,fake_singapore,0,2,0.791441208775,0.7914342588,,0.791441208775
886,fake_singapore,0,3,0.791441208775,0.791442173142588,0.7914342588,0.791441208775
887,fake_singapore,0,4,0.8314097426451377,0.8314241444666951,0.7914500875643194,0.8377398411041841
888,fake_singapore,0,5,0.8314097426451377,0.8408943399877183,0.7925606425190728,0.8377398587019815
889,fake_singapore,0,6,0.8314097426451377,0.8425161158794979,,
890,fake_singapore,1,2,0.830914514555,0.8309136792,,0.830914514555
891,fake_singapore,1,3,0.83091551239,0.8309136792,0.8309136792,0.830914514555
892,fake_singapore,1,4,0.83091551239,0.8309136792,0.8309136792,0.8507949414186253
893,fake_singapore,1,5,0.83091551239,0.8374224915010344,0.8309136792,0.8507949499911794
894,fake_singapore,1,6,0.83091551239,0.8405898827865472,,
895,fake_singapore,2,2,0.794901141188,0.7948911732,,0.794900141725
896,fake_singapore,2,3,0.794901141726,0.7948911732,0.7948911786,0.794900141725
897,fake_singapore,2,4,0.8023643798640161,0.8023633316381,0.7948911786,0.8395440165000184
898,fake_singapore,2,5,0.8023643798640161,0.8390985859058206,0.7948911786,0.8395440350250514
899,fake_singapore,2,6,0.8023643798640161,0.8404185796872938,,
900,fake_singapore,3,2,0.820132241112,0.8201230677,,0.820131241957
901,fake_singapore,3,3,0.820132241112,0.8201230677,0.8201230677,0.820131241957
902,fake_singapore,3,4,0.820132241112,0.8201230677,0.8201230677,0.848518567290847
903,fake_singapore,3,5,0.820132241112,0.8364170698072055,0.8201230677,0.8485185862795773
904,fake_singapore,3,6,0.820132241112,0.836834538444901,,
905,fake_singapore,4,2,0.794900141725,0.7948911732,,0.794900141725
906,fake_singapore,4,3,0.79490114065,0.7948911732,0.7949011624,0.794900141725
907,fake_singapore,4,4,0.79490114065,0.7948911732,0.7949011624,0.8395440165000184
908,fake_singapore,4,5,0.79490114065,0.8334788397728939,0.7949011624,0.8395440350250514
909,fake_singapore,4,6,0.79490114065,0.8337841404161289,,
910,fake_singapore,5,2,0.794899142262,0.7948911732,,0.794900141725
911,fake_singapore,5,3,0.794901141726,0.794899122111732,0.794909111411624,0.794900141725
912,fake_singapore,5,4,0.8351236788295284,0.835165062280596,0.794909111411624,0.8395440165000184
913,fake_singapore,5,5,0.8351236788295284,0.8448454690466847,0.7981712508799136,0.8395440350250514
914,fake_singapore,5,6,0.8351236788295284,0.8464059313919637,,
915,fake_sydney,0,2,0.810357914514,0.8103374794,,0.810357914514
916,fake_sydney,0,3,0.810357914514,0.810345582774794,0.81035547947376,0.810358308397486
917,fake_sydney,0,4,0.8317583749245541,0.8317877643503804,0.8103797862612515,0.8434473259401034
918,fake_sydney,0,5,0.8317583749245541,0.8373163242347558,0.8103878880812981,0.8434473679341882
919,fake_sydney,0,6,0.8317583749245541,0.8379460421329071,,
920,fake_sydney,1,2,0.834429358056,0.8344290376,,0.834430357328
921,fake_sydney,1,3,0.834430357328,0.834437381890376,0.834455719180608,0.8344305735704608
922,fake_sydney,1,4,0.8438757130674873,0.8438528281521085,0.8344724114959996,0.8518123305369049
923,fake_sydney,1,5,0.8438757130674873,0.8499685210188929,0.8344890977431575,0.8518123417759381
924,fake_sydney,1,6,0.8438757130674873,0.8502017067118183,,
925,fake_sydney,2,2,0.841889105758,0.8418794206,,0.841889105758
926,fake_sydney,2,3,0.841890105758,0.8418794206,0.8418794206,0.841889105758
927,fake_sydney,2,4,0.841890105758,0.8418794206,0.8418794206,0.8527202865457993
928,fake_sydney,2,5,0.841890105758,0.8500726530804769,0.8418794206,0.852720292981396
929,fake_sydney,2,6,0.841890105758,0.8500834266816247,,
930,fake_sydney,3,2,0.810992593128,0.8109960824,,0.810992593128
931,fake_sydney,3,3,0.810992593128,0.811004192360824,0.811014183660736,0.810992593128
932,fake_sydney,3,4,0.810992593128,0.8110123024027476,0.811038506576768,0.8459621253943043
933,fake_sydney,3,5,0.810992593128,0.825670888548774,0.8110466131707947,0.8459621781304866
934,fake_sydney,3,6,0.810992593128,0.8298792809276977,,
935,fake_sydney,4,2,0.845456630232,0.8454610888,,0.845457629515
936,fake_sydney,4,3,0.845456630232,0.845469543410888,0.845479536310816,0.845457629515
937,fake_sydney,4,4,0.845456630232,0.8454779981063221,0.8455048931896585,0.8530407742729001
938,fake_sydney,4,5,0.845456630232,0.8454864528863032,0.8455133444469443,0.8530407838882551
939,fake_sydney,4,6,0.845456630232,0.8459655848288757,,
940,fake_sydney,5,2,0.823920743589,0.8239004086,,0.823920742818
941,fake_sydney,5,3,0.823920743589,0.8239004086,0.8239004086,0.823920742818
942,fake_sydney,5,4,0.823920743589,0.8239004086,0.8239004086,0.8495113739578476
943,fake_sydney,5,5,0.823920743589,0.8239004086,0.8239004086,0.8495114042174793
944,fake_sydney,5,6,0.823920743589,0.8239004086,,
945,fake_toronto,0,2,0.815699970063,0.815679785,,0.815699983714
946,fake_toronto,0,3,0.815699983714,0.815679785,0.815681627902152,0.815700540096684
947,fake_toronto,0,4,0.815699983714,0.815679785,0.815681627902152,0.8405265947349855
948,fake_toronto,0,5,0.815699983714,0.815679785,0.815681627902152,0.8405266384878071
949,fake_toronto,0,6,0.815699983714,0.815679785,,
950,fake_toronto,1,2,0.843944624,0.843934632,,0.8439436248
951,fake_toronto,1,3,0.8439446248,0.843934632,0.84393618455376,0.84394382543936
952,fake_toronto,1,4,0.844861732385232,0.84484980537192,0.84393618455376,0.8529040796597097
953,fake_toronto,1,5,0.844861732385232,0.850133569632787,0.84393618455376,0.85290408488667
954,fake_toronto,1,6,0.844861732385232,0.850192156253192,,
955,fake_toronto,2,2,0.79448338647,0.7944635277,,0.7944843764
956,fake_toronto,2,3,0.7944843764,0.7944635277,0.7944635277,0.794484708620508
957,fake_toronto,2,4,0.7944843764,0.7944635277,0.7944635277,0.8374862066052527
958,fake_toronto,2,5,0.7944843764,0.7944635277,0.7944635277,0.8374862551170946
959,fake_toronto,2,6,0.7944843764,0.7944635277,,
960,fake_toronto,3,2,0.840456874648,0.840450092,,0.840456874648
961,fake_toronto,3,3,0.840456874648,0.840450092,0.840450092,0.8404572766919656
962,fake_toronto,3,4,0.840456874648,0.840450092,0.840450092,0.8509797841258488
963,fake_toronto,3,5,0.840456874648,0.840450092,0.840450092,0.8509797965518298
964,fake_toronto,3,6,0.840456874648,0.840450092,,
965,fake_toronto,4,2,0.83716264632,0.837143709,,0.83716164632
966,fake_toronto,4,3,0.83716264632,0.837143709,0.837145337262912,0.8371621119754368
967,fake_toronto,4,4,0.83716264632,0.837143709,0.837145337262912,0.8514128828210467
968,fake_toronto,4,5,0.83716264632,0.837143709,0.837145337262912,0.8514129025028492
969,fake_toronto,4,6,0.83716264632,0.837143709,,
970,fake_toronto,5,2,0.845009948356,0.845001557,,0.845009947861
971,fake_toronto,5,3,0.845010946872,0.845001557,0.845001557,0.845009947861
972,fake_toronto,5,4,0.845010946872,0.845001557,0.845001557,0.8529208889336413
973,fake_toronto,5,5,0.845010946872,0.8501663145310091,0.845001557,0.8529208938543229
974,fake_toronto,5,6,0.845010946872,0.8502158506926131,,
975,fake_valencia,0,2,0.836581348505,0.8365953674,,0.836580349138
976,fake_valencia,0,3,0.836581349138,0.8365953674,0.836597001546324,0.836580349138
977,fake_valencia,0,4,0.836581349138,0.8365953674,0.836597001546324,0.8519634335606968
978,fake_valencia,0,5,0.836581349138,0.8477139114196118,0.836597001546324,0.8519634399604087
979,fake_valencia,0,6,0.836581349138,0.8479814516869437,,
980,fake_valencia,1,2,0.836580348505,0.8365953674,,0.836580349138
981,fake_valencia,1,3,0.836581349138,0.8365953674,0.8366153678,0.836580349138
982,fake_valencia,1,4,0.836581349138,0.8365953674,0.8366153678,0.8519634335606968
983,fake_valencia,1,5,0.836581349138,0.8466333589537508,0.8366153678,0.8519634399604087
984,fake_valencia,1,6,0.836581349138,0.8467744095479344,,
985,fake_valencia,2,2,0.818575437771,0.8185539418,,0.818575437771
986,fake_valencia,2,3,0.818575437771,0.818562127339418,0.818570312878836,0.818575437771
987,fake_valencia,2,4,0.8310810852204307,0.8311266107045576,0.8185784985819647,0.8476327488816356
988,fake_valencia,2,5,0.8310810852204307,0.8454742215198134,0.8186030560187793,0.8476327660335817
989,fake_valencia,2,6,0.8310810852204307,0.8463015770415084,,
990,fake_valencia,3,2,0.831408610752,0.8314125992,,0.831408610752
991,fake_valencia,3,3,0.831408610752,0.831420913325992,0.8314292382522,0.8314092369926184
992,fake_valencia,3,4,0.831408610752,0.8314292275351253,0.8314375525445825,0.850884072941299
993,fake_valencia,3,5,0.831408610752,0.8425034699537967,0.8314624957543018,0.85088410974159
994,fake_valencia,3,6,0.831408610752,0.843353375891065,,
995,fake_vigo,0,2,0.799953856977,0.799961253,,0.79995385615
996,fake_vigo,0,3,0.799953856977,0.799961253,0.7999712448,0.7999540450372524
997,fake_vigo,0,4,0.831686778837908,0.83168932699398,0.7999712448,0.8416235592745432
998,fake_vigo,0,5,0.831686778837908,0.8446632490074164,0.8003547115787748,0.8416235855147566
999,fake_vigo,0,6,0.831686778837908,0.8462699333946415,,
1000,fake_vigo,1,2,0.836965012856,0.8369747,,0.836965012856
1001,fake_vigo,1,3,0.836965012856,0.836983069747,0.836993069847,0.83696512762508
1002,fake_vigo,1,4,0.836965012856,0.8369914395776975,0.8370181673302339,0.8517873761280833
1003,fake_vigo,1,5,0.836965012856,0.8474583948946993,0.837026531327026,0.8517873811764882
1004,fake_vigo,1,6,0.836965012856,0.8474960161366671,,
1005,fake_vigo,2,2,0.84267998877,0.842680832,,0.84267998877
1006,fake_vigo,2,3,0.84267998877,0.842680832,0.842690832,0.8426802116126568
1007,fake_vigo,2,4,0.84267998877,0.842680832,0.842690832,0.8525403903387684
1008,fake_vigo,2,5,0.84267998877,0.8490873449585986,0.842690832,0.8525403967507716
1009,fake_vigo,2,6,0.84267998877,0.8492086253030591,,
1010,fake_vigo,3,2,0.829174552353,0.8291817746,,0.829174552353
1011,fake_vigo,3,3,0.829174552353,0.829190066417746,0.829208358635496,0.829174552353
1012,fake_vigo,3,4,0.8342882609791717,0.8342686011076489,0.8292166507190823,0.8503669447798282
1013,fake_vigo,3,5,0.8342882609791717,0.8479842415557675,0.8292415273015248,0.8503669650026786
1014,fake_vigo,3,6,0.8342882609791717,0.8483393701160052,,
1015,fake_washington,0,2,0.762135022364,0.7621185902,,0.762135022364
1016,fake_washington,0,3,0.762135022364,0.7621185902,0.762126089384682,0.762135022364
1017,fake_washington,0,4,0.762135022364,0.7621185902,0.762126089384682,0.8174972366811968
1018,fake_washington,0,5,0.762135022364,0.7621185902,0.7621413319826823,0.8174973108552789
1019,fake_washington,0,6,0.762135022364,0.7621185902,,
1020,fake_washington,1,2,0.850820308381,0.8508002082,,0.850821308014
1021,fake_washington,1,3,0.850822308014,0.8508002082,0.8508002082,0.850821308014
1022,fake_washington,1,4,0.850822308014,0.8508002082,0.8508002082,0.8532675916873657
1023,fake_washington,1,5,0.850822308014,0.8508002082,0.8508002082,0.8532675947229661
1024,fake_washington,1,6,0.850822308014,0.8508002082,,
1025,fake_washington,2,2,0.824964575144,0.8249786058,,0.824964575144
1026,fake_washington,2,3,0.824964575144,0.8249786058,0.824988606,0.8249652291351576
1027,fake_washington,2,4,0.8427046491428293,0.8427546083425261,0.824988606,0.8495036356681477
1028,fake_washington,2,5,0.8427046491428293,0.8445278998831766,0.824988606,0.849503685051687
1029,fake_washington,2,6,0.8427046491428293,0.844710509581049,,
1030,fake_washington,3,2,0.833029336791,0.833020003,,0.83302933634
1031,fake_washington,3,3,0.833029336791,0.833020003,0.83302166370006,0.8330300468984976
1032,fake_washington,3,4,0.833029336791,0.833020003,0.83302166370006,0.8515345155852403
1033,fake_washington,3,5,0.833029336791,0.8487528073075936,0.83302166370006,0.8515345550667694
1034,fake_washington,3,6,0.833029336791,0.8488508275734834,,
1035,fake_washington,4,2,0.81649882268,0.8164845016,,0.81649882268
1036,fake_washington,4,3,0.81649882268,0.8164845016,0.8164845016,0.816499419476
1037,fake_washington,4,4,0.81649882268,0.8164845016,0.8164845016,0.8465668076306
1038,fake_washington,4,5,0.81649882268,0.8164845016,0.8164845016,0.84656686432622
1039,fake_washington,4,6,0.81649882268,0.8164845016,,
1040,fake_washington,5,2,0.843953236249,0.8439678423,,0.843953233106
1041,fake_washington,5,3,0.843953236249,0.8439678423,0.8439678423,0.843953233106
1042,fake_washington,5,4,0.843953236249,0.8439678423,0.8439678423,0.8510998001666441
1043,fake_washington,5,5,0.843953236249,0.8439678423,0.8439678423,0.8510998064955259
1044,fake_washington,5,6,0.843953236249,0.8439678423,,
1045,fake_yorktown,0,2,0.771422472008,0.7714152168,,0.77142346954
1046,fake_yorktown,0,3,0.77142446954,0.771422930952168,0.771430645104336,0.77142346954
1047,fake_yorktown,0,4,0.825263635289825,0.8252903310777187,0.7714383594107871,0.8267546837880494
1048,fake_yorktown,0,5,0.825263635289825,0.8395585610146921,0.775982392350925,0.8267547459332758
1049,fake_yorktown,0,6,0.825263635289825,0.8428284737923687,,
1050,fake_yorktown,1,2,0.771422472008,0.7714152168,,0.77142346954
1051,fake_yorktown,1,3,0.77142446954,0.7714152168,0.77141747774808,0.77142346954
1052,fake_yorktown,1,4,0.77142446954,0.7714152168,0.77141747774808,0.8267546837880494
1053,fake_yorktown,1,5,0.77142446954,0.7714152168,0.77141747774808,0.8267547459332758
1054,fake_yorktown,1,6,0.77142446954,0.7714152168,,
1055,fake_yorktown,2,2,0.64497583458,0.6449512518,,0.64497583458
1056,fake_yorktown,2,3,0.7311568444,0.73115260052789,0.6631994404,0.7307915342
1057,fake_yorktown,2,4,0.8226983266574518,0.822669927146857,0.73078612276232,0.73079328420325
1058,fake_yorktown,2,5,0.8226983266574518,0.8303094117662,0.7307888149010914,0.7432246228590615
1059,fake_yorktown,2,6,0.8226983266574518,0.840054210520307,,
